link,datemod,hash,dateadded
https://cognitus.com/post-sitemap.xml,2024-07-04T12:12:08+00:00,95c97cc86d7b76e8e9a4fc76ee7a3a7d,2024-07-05T21:04:54+00:00
https://cognitus.com/page-sitemap.xml,2024-07-05T11:21:16+00:00,f1ee1af803995c69af8d328c343933f4,2024-07-05T21:04:54+00:00
https://cognitus.com/insights-sitemap.xml,2024-07-03T13:10:26+00:00,7c66aa548c40a3356f0a8459ae031df3,2024-07-05T21:04:54+00:00
https://cognitus.com/industries-sitemap.xml,2024-07-03T12:47:25+00:00,ff6784fad013e103933e46407746728d,2024-07-05T21:04:54+00:00
https://cognitus.com/services-sitemap.xml,2024-06-10T11:52:58+00:00,b00e7bb3602ecf61c03a3561020f5e60,2024-07-05T21:04:54+00:00
https://cognitus.com/team_members-sitemap.xml,2024-06-27T00:26:32+00:00,69135bee02bb840f354f1eb757df393f,2024-07-05T21:04:54+00:00
https://cognitus.com/locations-sitemap.xml,2024-06-10T18:12:50+00:00,62f69bd5609292742cbbd111b3acda23,2024-07-05T21:04:54+00:00
https://cognitus.com/solutions-sitemap.xml,2024-06-10T12:01:43+00:00,6d4bbf12df8c1ac4def5f39df96e2658,2024-07-05T21:35:49+00:00
https://cognitus.com/products-sitemap.xml,2024-07-03T12:42:07+00:00,68e738a7ac0fe976f9c5a8d2cc692189,2024-07-05T21:35:49+00:00
https://cognitus.com/blogs-sitemap.xml,2024-04-25T17:29:12+00:00,6d0d57ba550345d3a728116f93efea68,2024-07-05T21:35:49+00:00
https://cognitus.com/profiles-sitemap.xml,2024-07-03T13:39:39+00:00,a4cf1aba4ea9d399459e6ac7f3cfe93d,2024-07-05T21:35:49+00:00
https://cognitus.com/category-sitemap.xml,2024-07-04T12:12:08+00:00,4101422483fe35085ae967c9f338f37b,2024-07-05T21:35:49+00:00
https://cognitus.com/post_tag-sitemap.xml,2024-07-04T12:12:08+00:00,67f975c5773d241d3269f0bb88919dd8,2024-07-05T21:35:49+00:00
https://cognitus.com/solutions-sitemap.xml,2024-06-10T12:01:43+00:00,6d4bbf12df8c1ac4def5f39df96e2658,2024-07-05T21:37:53+00:00
