link,datemod,dateadded,hash
https://cognitus.com/cognitus-aftermarket-solution-now-available-on-sap-store/,2024-07-04T12:12:08+00:00,61d7b8bdbb015f9d490fc9e065002f05,2024-07-05T22:00:01+00:00
https://cognitus.com/s4hana-key-user-extensibility-and-third-party-integrations,2024-07-04T12:12:08+00:00,0884a2ce5429219d9f9cb79a2dec96f7,2024-07-05T22:00:01+00:00
https://cognitus.com/unlocking-the-power-of-data-storytelling-for-sap-professionals/,2024-07-04T12:12:08+00:00,5e1f1ef90652920d67c732468fcc7835,2024-07-05T22:00:01+00:00
https://cognitus.com/crucial-role-of-compliance-in-aeropsace-and-defense/,2024-07-04T12:12:08+00:00,98abcaab49608651985cc810e493de43,2024-07-05T22:00:01+00:00
https://cognitus.com/transforming-customer-support-with-retrieval-augmented-generation-on-sap-btp/,2024-07-04T12:12:08+00:00,1235ef7585eba936ee8f633d639f6f0f,2024-07-05T22:00:01+00:00
https://cognitus.com/what-is-sap-sapphire-and-what-to-expect/,2024-07-04T12:12:08+00:00,ea539f10adf03131c2cb3e9800146ab8,2024-07-05T22:00:01+00:00
https://cognitus.com/alchemy-intelligent-data-migration-platform-now-on-sap-store/,2024-07-04T12:12:08+00:00,17e771b9f5230327d2873261dabde3b7,2024-07-05T22:00:01+00:00
https://cognitus.com/shape-your-business-digital-future-with-the-power-of-sap-btp-2-2/,2024-07-04T12:12:08+00:00,116ac5723ff32b2403426e54fef57a7d,2024-07-05T22:00:01+00:00
https://cognitus.com/4-ways-vistex-revenue-management-software-can-boost-your-bottom-line/,2024-07-04T12:12:08+00:00,dfc24524adad70c612271024b1c85a1f,2024-07-05T22:00:01+00:00
https://cognitus.com/cognitus-achieves-minority-owned-business-certification-with-dallas-fort-worth-minority-supplier-development-council/,2024-07-04T12:12:08+00:00,b9e542cc99c45cf64aef4736f8749597,2024-07-05T22:00:01+00:00
https://cognitus.com/cognitus-and-finext-announce-strategic-partnership-to-enhance-sap-finance-with-sap-s-4hana-implementations/,2024-07-04T12:12:08+00:00,b5aeb6956ba75ec8c7664443aae6b730,2024-07-05T22:00:01+00:00
https://cognitus.com/streamlining-supplier-network-with-sap-ariba/,2024-07-04T12:12:08+00:00,cb928cddff6ad515e0fc1d2d477914ce,2024-07-05T22:00:01+00:00
https://cognitus.com/how-cognitus-streamlines-contracts-and-billing-for-aerospace-and-defense/,2024-07-04T12:12:08+00:00,8d87c0fcccb89d3ac820b763f41ed521,2024-07-05T22:00:01+00:00
https://cognitus.com/cognitus-launches-industry-solution-to-revolutionize-aftermarket-and-mro-services-2/,2024-07-04T12:12:08+00:00,3f72f5bcc98e3c311efcd9a0bb91117d,2024-07-05T22:00:01+00:00
https://cognitus.com/cognitus-secures-strategic-growth-investment-from-siguler-guff-and-haven-capital-partners/,2024-07-04T12:12:08+00:00,135801f78a9fc51123cf2faad7c7301a,2024-07-05T22:00:01+00:00
https://cognitus.com/adopt-cloud-erp-quickly-and-confidently-what-grow-with-sap-means/,2024-07-04T12:12:08+00:00,3d93e0d9c54937e326ca51338037a51d,2024-07-05T22:00:01+00:00
https://cognitus.com/cognitus-partners-with-sap-to-unlock-best-practices-for-successful-ma-integration/,2024-07-04T12:12:08+00:00,afe736f1a354f48daadc4b31ac183dde,2024-07-05T22:00:01+00:00
https://cognitus.com/streamlining-data-migration-the-next-generation-platform-for-migrating-to-sap-s-4hana/,2024-07-04T12:12:08+00:00,51485eecec36728d8e4aa1295396c15c,2024-07-05T22:00:01+00:00
https://cognitus.com/shape-your-business-digital-future-with-the-power-of-sap-btp/,2024-07-04T12:12:08+00:00,e1fd8ed44a5806c7433e49a820af5490,2024-07-05T22:00:01+00:00
https://cognitus.com/moving-to-the-cloud-discover-your-options-with-grow-and-rise-with-sap/,2024-07-04T12:12:08+00:00,03bca95c38c75c32594a182624ae9d60,2024-07-05T22:00:01+00:00
https://cognitus.com/success-strategy-revealed-how-do-industry-leaders-successfully-adopt-a-sustainable-business-growth-model/,2024-07-04T12:12:08+00:00,c53fe131dd0b11105335900dce1a0632,2024-07-05T22:00:01+00:00
https://cognitus.com/a-beginners-guide-to-federal-acquisition-regulation/,2024-07-04T12:12:08+00:00,d6fd41736a6b5bd64042f1906d9981f1,2024-07-05T22:00:01+00:00
https://cognitus.com/cognitus-receives-sap-north-america-partner-excellence-award-2024-for-highest-cloud-revenue-and-net-new-names/,2024-07-04T12:12:08+00:00,1c6977a57d67083c9864e82825c27f47,2024-07-05T22:00:01+00:00
https://cognitus.com/cognitus-kicks-off-2024-with-a-dynamic-rebrand/,2024-07-04T12:12:08+00:00,836ba8ddd749086086ea072a77305ec3,2024-07-05T22:00:01+00:00
https://cognitus.com/cognitus-announces-partnership-with-tricentis-to-enhance-sap-testing-services-2/,2024-07-04T12:12:08+00:00,1773a92cff7a1de24bacadc0ca63f288,2024-07-05T22:00:01+00:00
https://cognitus.com/publicacion-de-prensa-2/,2024-07-04T12:12:08+00:00,4a1fb405b352fcaca0f7313b4eb77a3b,2024-07-05T22:00:01+00:00
https://cognitus.com/cognitus-announces-its-partnership-with-icertis-the-leader-in-contract-lifecyclye-management/,2024-07-04T12:12:08+00:00,05ad6cde354ea25a3e8a9556ac11218a,2024-07-05T22:00:01+00:00
https://cognitus.com/cognitus-expands-its-global-delivery-capabilities-to-panama/,2024-07-04T12:12:08+00:00,a2677a82274fc827a940ebbcbc15fd83,2024-07-05T22:00:01+00:00
https://cognitus.com/cognitus-and-revelation-software-concepts-announce-strategic-partnership-to-simplify-s-4hana-projects/,2024-07-04T12:12:08+00:00,624b4a4c4ce40b14c71d5b4f59aff8d4,2024-07-05T22:00:01+00:00
https://cognitus.com/cognitus-drives-successful-gallop-pricing-intelligence-implementation-for-dorman/,2024-07-04T12:12:08+00:00,316207bc02895604b682e1732b361cc4,2024-07-05T22:00:01+00:00
https://cognitus.com/cognitus-emea-and-cognitus-us-announce-a-new-regional-office-in-copenhagen-denmark/,2024-07-04T12:12:08+00:00,6b3d94e7f73254f86fa10f728f043611,2024-07-05T22:00:01+00:00
https://cognitus.com/a-wynning-partnership-cognitus-consulting-announces-the-acquisition-of-wynblue/,2024-07-04T12:12:08+00:00,f4104e40e6df9326c3037a591243c064,2024-07-05T22:00:01+00:00
https://cognitus.com/,2024-07-04T12:12:08+00:00,21c74adcc46503e1efda312dd21017d7,2024-07-05T22:00:01+00:00
https://cognitus.com/resources/videos/webinar-intelligent-data-migration-to-sap-s4-hana,2024-07-04T12:12:08+00:00,f487e975aab12774d0b97c71dda31728,2024-07-05T22:00:01+00:00
https://cognitus.com/resources/videos/cpg-industry-webinar,2024-07-04T12:12:08+00:00,666f05de90a09839baa143f7af2e8011,2024-07-05T22:00:01+00:00
https://cognitus.com/solutions/pricing/pricefx,2024-07-04T12:12:08+00:00,d36292a7003197185ec1a7dc77a65602,2024-07-05T22:00:01+00:00
https://cognitus.com/resources/portfolio/,2024-07-04T12:12:08+00:00,902bad9c122c62ccace08e4f4b7e22b6,2024-07-05T22:00:01+00:00
https://cognitus.com/solutions/pricing/sap-ccm/,2024-07-04T12:12:08+00:00,e7a9a210b2fb9254c31b1c1266af4030,2024-07-05T22:00:01+00:00
https://cognitus.com/solutions/pricing/vistex/,2024-07-04T12:12:08+00:00,88d6ab4e5287269c666fdbbd59c4f86d,2024-07-05T22:00:01+00:00
https://cognitus.com/resources/videos/cpg-industry-webinar,2024-07-04T12:12:08+00:00,666f05de90a09839baa143f7af2e8011,2024-07-05T22:00:01+00:00
https://cognitus.com/events/sap-and-cognitus-panel-discussion-farnbourough-2024,2024-07-04T12:12:08+00:00,dd711fba4f3da7ed3b7ea2b3dd2a7719,2024-07-05T22:00:01+00:00
https://cognitus.com/resources/solution-briefs/lambdax-ebook/,2024-07-04T12:12:08+00:00,7bb4f0f021165d8fd533eae04417032c,2024-07-05T22:00:01+00:00
https://cognitus.com/events/farnbourough-2024-2,2024-07-04T12:12:08+00:00,f3be9b2558ed250c52eaffca674a71fa,2024-07-05T22:00:01+00:00
https://cognitus.com/resources/solution-briefs/business-transformation-services/,2024-07-04T12:12:08+00:00,6e13a5c3476305a18fc4a5bfb3fa6791,2024-07-05T22:00:01+00:00
https://cognitus.com/resources/solution-briefs/enterprise-ai-gpts-copilots/,2024-07-04T12:12:08+00:00,007c2be65563c06978a24cc8ff0ba140,2024-07-05T22:00:01+00:00
https://cognitus.com/resources/solution-briefs/merger-and-acquisition/,2024-07-04T12:12:08+00:00,fc1b7feec395c725567ebc676a04c564,2024-07-05T22:00:01+00:00
https://cognitus.com/resources/solution-briefs/real-time-billing-solution/,2024-07-04T12:12:08+00:00,6b47003b3314551283e1c8829a1b8cfd,2024-07-05T22:00:01+00:00
https://cognitus.com/resources/solution-briefs/aftermarket-services-overview/,2024-07-04T12:12:08+00:00,6671844665a88f1f6253cf544ccbdfbd,2024-07-05T22:00:01+00:00
https://cognitus.com/resources/solution-briefs/one-pager-aerospace-and-defense/,2024-07-04T12:12:08+00:00,fcf5fc55614b2eed7031461eb185cca3,2024-07-05T22:00:01+00:00
https://cognitus.com/resources/solution-briefs/alchemy-overview/,2024-07-04T12:12:08+00:00,1ac8c0d19284aab42225817304713624,2024-07-05T22:00:01+00:00
https://cognitus.com/resources/solution-briefs/clm-lambdax-one-pager/,2024-07-04T12:12:08+00:00,5ed5b30b5b8901e8df534db04e7e1a8a,2024-07-05T22:00:01+00:00
https://cognitus.com/resources/videos/real-time-billing-by-cognitus/,2024-07-04T12:12:08+00:00,59b0e7ae0551a50bf37aa2c6071cb923,2024-07-05T22:00:01+00:00
https://cognitus.com/products/,2024-07-04T12:12:08+00:00,e44e23406e32b42c76b4ef48f43326fb,2024-07-05T22:00:01+00:00
https://cognitus.com/resources/solution-briefs/rtb-ebook/,2024-07-04T12:12:08+00:00,6c12c1a36913b4506204f7a18d61ab7e,2024-07-05T22:00:01+00:00
https://cognitus.com/about/overview/,2024-07-04T12:12:08+00:00,b0bacd428c924a47e413af48133b5034,2024-07-05T22:00:01+00:00
https://cognitus.com/resources/,2024-07-04T12:12:08+00:00,648517a9b4f51c7380216294bdd05199,2024-07-05T22:00:01+00:00
https://cognitus.com/about/global-presence/,2024-07-04T12:12:08+00:00,7de004a8744e3df00d40e1d836fcd9b6,2024-07-05T22:00:01+00:00
https://cognitus.com/resources/solution-briefs/dsc/,2024-07-04T12:12:08+00:00,82f764bea33551f1e33d57ca368a1064,2024-07-05T22:00:01+00:00
https://cognitus.com/resources/solution-briefs/invoice-automation/,2024-07-04T12:12:08+00:00,13d66238f834add197b7c87217f18647,2024-07-05T22:00:01+00:00
https://cognitus.com/resources/solution-briefs/intelligent-timesheet/,2024-07-04T12:12:08+00:00,f1b59bc9d0862d48aa19be2594d72fe9,2024-07-05T22:00:01+00:00
https://cognitus.com/resources/solution-briefs/logistics-execution/,2024-07-04T12:12:08+00:00,4d2144be43a5ac6e2b57d2ca56515c6c,2024-07-05T22:00:01+00:00
https://cognitus.com/resources/solution-briefs/government-customer-property-management/,2024-07-04T12:12:08+00:00,4695c2978422f2efd0a2165443fceab3,2024-07-05T22:00:01+00:00
https://cognitus.com/resources/solution-briefs/cash-application/,2024-07-04T12:12:08+00:00,013e0a3203b7b12b55414d427722ec0d,2024-07-05T22:00:01+00:00
https://cognitus.com/resources/solution-briefs/extend-and-innovate/,2024-07-04T12:12:08+00:00,d23dd932f186ed4a9553945f795f5087,2024-07-05T22:00:01+00:00
https://cognitus.com/resources/solution-briefs/sap-ams/,2024-07-04T12:12:08+00:00,623183db02f69fe0543452f44b9f9a15,2024-07-05T22:00:01+00:00
https://cognitus.com/resources/solution-briefs/cis-govcon-professional-services/,2024-07-04T12:12:08+00:00,24220cb78966c34e6601d5c15c307d52,2024-07-05T22:00:01+00:00
https://cognitus.com/resources/videos/data-migration-video/,2024-07-04T12:12:08+00:00,046fc82ac4c315017902892e69b27ba8,2024-07-05T22:00:01+00:00
https://cognitus.com/resources/videos/data-migration-with-alchemy-video/,2024-07-04T12:12:08+00:00,3f2dbab0acdebbf1b8cacd5df1a6d0c0,2024-07-05T22:00:01+00:00
https://cognitus.com/resources/press/,2024-07-04T12:12:08+00:00,62e63f2e1b4e56d5088c28175489993a,2024-07-05T22:00:01+00:00
https://cognitus.com/resources/solution-briefs/intelligent-pricing/,2024-07-04T12:12:08+00:00,1bba0c5fa45e308051ec21f7bd85adc9,2024-07-05T22:00:01+00:00
https://cognitus.com/resources/videos/careers-video/,2024-07-04T12:12:08+00:00,cb2c42567821dbe725fd9c3cf6fe8c82,2024-07-05T22:00:01+00:00
https://cognitus.com/resources/videos/careers-webinar-24/,2024-07-04T12:12:08+00:00,ac313b8bc766c0279c2d41de48c98c02,2024-07-05T22:00:01+00:00
https://cognitus.com/resources/solution-briefs/cloud-erp-grow-and-rise-with-sap/,2024-07-04T12:12:08+00:00,dc4239ca625dd3fe0b87b856fb652090,2024-07-05T22:00:01+00:00
https://cognitus.com/resources/solution-briefs/cis-shield/,2024-07-04T12:12:08+00:00,f62a5579ad97defc019b1dd4e81aaf39,2024-07-05T22:00:01+00:00
https://cognitus.com/resources/solution-briefs/cis-ps/,2024-07-04T12:12:08+00:00,58671a0edb1522279effd203465b6a3c,2024-07-05T22:00:01+00:00
https://cognitus.com/industries/,2024-07-04T12:12:08+00:00,3d095b21a43b3f7ccf0bc1f087edcc64,2024-07-05T22:00:01+00:00
https://cognitus.com/events/,2024-07-04T12:12:08+00:00,e30f7c4a8fb7724965e7715e403e7725,2024-07-05T22:00:01+00:00
https://cognitus.com/pricing/,2024-07-04T12:12:08+00:00,e1296fba756dcfa216717029ecfd3a7c,2024-07-05T22:00:01+00:00
https://cognitus.com/resources/solution-briefs/pricing/,2024-07-04T12:12:08+00:00,5f5f5cb6f5054f53eaa1d566d87425da,2024-07-05T22:00:01+00:00
https://cognitus.com/resources/thought-leadership/professional-services-key-to-growth/,2024-07-04T12:12:08+00:00,895d6becff6806821f48c87aa07e5ff4,2024-07-05T22:00:01+00:00
https://cognitus.com/resources/solution-briefs/,2024-07-04T12:12:08+00:00,ad813f2c6a32d2e12cf7ef8877a56d3b,2024-07-05T22:00:01+00:00
https://cognitus.com/resources/videos/cis-aftermarket-video/,2024-07-04T12:12:08+00:00,c94c5f1b1483296cb633a266fe3f6433,2024-07-05T22:00:01+00:00
https://cognitus.com/resources/solution-briefs/aftermarket-services/,2024-07-04T12:12:08+00:00,a802e4fbd311b0369fe583a35ba98a7d,2024-07-05T22:00:01+00:00
https://cognitus.com/resources/thought-leadership/consumer-products-pricing/,2024-07-04T12:12:08+00:00,e40a4908c0f7c9d6a311bb76582dd77c,2024-07-05T22:00:01+00:00
https://cognitus.com/resources/thought-leadership/automotive-pricing/,2024-07-04T12:12:08+00:00,8233bdcf452aea1168689c38c0e660d0,2024-07-05T22:00:01+00:00
https://cognitus.com/resources/solution-briefs/sap-yard-logistics/,2024-07-04T12:12:08+00:00,e04fa2f3a78273a78a6a55873f2a6704,2024-07-05T22:00:01+00:00
https://cognitus.com/resources/solution-briefs/sap-transportation-management/,2024-07-04T12:12:08+00:00,d2ef4738f8a9e05b81f7f9ad7cc4d011,2024-07-05T22:00:01+00:00
https://cognitus.com/resources/thought-leadership/,2024-07-04T12:12:08+00:00,781afde1e31629a972bb481860b579d8,2024-07-05T22:00:01+00:00
https://cognitus.com/resources/videos/,2024-07-04T12:12:08+00:00,9ef19ddde621e1a1604cd56ea45b1f5b,2024-07-05T22:00:01+00:00
https://cognitus.com/resources/thought-leadership/interconnected-cpg-company/,2024-07-04T12:12:08+00:00,cec8b3da20ebf702374c9bc4c8d8e83c,2024-07-05T22:00:01+00:00
https://cognitus.com/resources/thought-leadership/sustainable-growth-cpg/,2024-07-04T12:12:08+00:00,043579a6d631b5dc05a97153339cbecf,2024-07-05T22:00:01+00:00
https://cognitus.com/resources/thought-leadership/cpg-profitability/,2024-07-04T12:12:08+00:00,52489218896f104be36eb62757174e7a,2024-07-05T22:00:01+00:00
https://cognitus.com/resources/thought-leadership/make-the-case-for-change-automotive/,2024-07-04T12:12:08+00:00,3356c0f4c1d247c7805330316e70de2c,2024-07-05T22:00:01+00:00
https://cognitus.com/resources/thought-leadership/wholesale-distribution-digitalization-and-sustainability/,2024-07-04T12:12:08+00:00,6d8770f22d5736d2addd5e0348d42c43,2024-07-05T22:00:01+00:00
https://cognitus.com/resources/thought-leadership/new-era-wholesale-distribution/,2024-07-04T12:12:08+00:00,bfadd094ce5703e31f9064e2eca079ab,2024-07-05T22:00:01+00:00
https://cognitus.com/resources/thought-leadership/manufacturing-growth-and-profitability/,2024-07-04T12:12:08+00:00,9a89d806f6a5758ddb6b745983b7b1aa,2024-07-05T22:00:01+00:00
https://cognitus.com/resources/thought-leadership/cloud-erp-for-manufacturing/,2024-07-04T12:12:08+00:00,84ba1cbb9c5f28a17e800af5d425758d,2024-07-05T22:00:01+00:00
https://cognitus.com/resources/thought-leadership/professional-services-innovation-and-sustainability/,2024-07-04T12:12:08+00:00,b27cca2db1fe318594f9e90202c3658a,2024-07-05T22:00:01+00:00
https://cognitus.com/resources/thought-leadership/new-era-professional-services/,2024-07-04T12:12:08+00:00,09c86c6ece7424c27563c68c5ee494f3,2024-07-05T22:00:01+00:00
https://cognitus.com/resources/thought-leadership/professional-services-streamline-operations/,2024-07-04T12:12:08+00:00,98c900fca75b4ffbf5178200c0dede9e,2024-07-05T22:00:01+00:00
https://cognitus.com/resources/thought-leadership/integration-for-modernization/,2024-07-04T12:12:08+00:00,8e7b2d5511ab6be53a285991275a0a25,2024-07-05T22:00:01+00:00
https://cognitus.com/resources/thought-leadership/modern-integration-business-value/,2024-07-04T12:12:08+00:00,cbf9f468c4c2bb0f332ef036f3e55f9b,2024-07-05T22:00:01+00:00
https://cognitus.com/resources/thought-leadership/business-data-fabric/,2024-07-04T12:12:08+00:00,aecf4c149561800c844772b530e611f3,2024-07-05T22:00:01+00:00
https://cognitus.com/resources/solution-briefs/sap-datasphere/,2024-07-04T12:12:08+00:00,2c274d4024592a888edc6bf2d1d5424a,2024-07-05T22:00:01+00:00
https://cognitus.com/resources/solution-briefs/sap-business-technology-platform/,2024-07-04T12:12:08+00:00,ae59cd46bb76688c4b139b70d3b42efa,2024-07-05T22:00:01+00:00
https://cognitus.com/resources/thought-leadership/intelligent-decisions-with-sap-analytics-cloud/,2024-07-04T12:12:08+00:00,a3c102e90e0ff67c9b649a219ef4f3c4,2024-07-05T22:00:01+00:00
https://cognitus.com/resources/solution-briefs/sap-analytics-cloud/,2024-07-04T12:12:08+00:00,29f6cfd6942c09606c790adceb381eaf,2024-07-05T22:00:01+00:00
https://cognitus.com/resources/thought-leadership/cloud-erp-finance-accounting-agility/,2024-07-04T12:12:08+00:00,6a2db208252c8a6941471ed755b21486,2024-07-05T22:00:01+00:00
https://cognitus.com/resources/thought-leadership/strategic-workforce-planning-labor-shortages/,2024-07-04T12:12:08+00:00,da89afa25fbe42b769b54c6178248486,2024-07-05T22:00:01+00:00
https://cognitus.com/resources/thought-leadership/procurement-confidence/,2024-07-04T12:12:08+00:00,8a871fd1dccfdb62b1a0498acc869ab6,2024-07-05T22:00:01+00:00
https://cognitus.com/resources/thought-leadership/talent-disruption/,2024-07-04T12:12:08+00:00,f2da50c009e67154630c4f5002af4e36,2024-07-05T22:00:01+00:00
https://cognitus.com/resources/thought-leadership/spend-management-for-finance-and-procurement/,2024-07-04T12:12:08+00:00,d8ce2783e66a8c5502be45c02dc4ffab,2024-07-05T22:00:01+00:00
https://cognitus.com/resources/thought-leadership/manufacturing-direct-spending/,2024-07-04T12:12:08+00:00,42fac356314bdb042cb518ed14977629,2024-07-05T22:00:01+00:00
https://cognitus.com/resources/videos/contract-management-video/,2024-07-04T12:12:08+00:00,918d8404437d8809437c5b68538221f3,2024-07-05T22:00:01+00:00
https://cognitus.com/resources/videos/contracts-and-billing-video/,2024-07-04T12:12:08+00:00,1fdef8afcd001cd223e081ee651b21f4,2024-07-05T22:00:01+00:00
https://cognitus.com/resources/videos/wholesale-distribution-video/,2024-07-04T12:12:08+00:00,d9dd15c579823cb210c62b4bd1e08b6b,2024-07-05T22:00:01+00:00
https://cognitus.com/resources/videos/aerospace-and-defense-video/,2024-07-04T12:12:08+00:00,8f322490433d38d9201fcb43cf612080,2024-07-05T22:00:01+00:00
https://cognitus.com/resources/videos/automotive-and-cpg-video/,2024-07-04T12:12:08+00:00,6226ae94ec0b971adeaab5d973dd5cd8,2024-07-05T22:00:01+00:00
https://cognitus.com/resources/videos/manufacturing-video/,2024-07-04T12:12:08+00:00,1b08b62b49248b89ba15092f114a6835,2024-07-05T22:00:01+00:00
https://cognitus.com/resources/videos/professional-services-video/,2024-07-04T12:12:08+00:00,15149d55333b686022ecd69c6dae7598,2024-07-05T22:00:01+00:00
https://cognitus.com/resources/videos/incurred-cost-reporting-video/,2024-07-04T12:12:08+00:00,afc593bead03a533e642881f5d269365,2024-07-05T22:00:01+00:00
https://cognitus.com/resources/videos/regulated-industires-video/,2024-07-04T12:12:08+00:00,83b81c8ed767080fa0ba8dcfdbd51b9c,2024-07-05T22:00:01+00:00
https://cognitus.com/resources/solution-briefs/sap-business-network/,2024-07-04T12:12:08+00:00,24f935517e4915dacda14ae71ac6d4f0,2024-07-05T22:00:01+00:00
https://cognitus.com/resources/videos/real-time-billing-video/,2024-07-04T12:12:08+00:00,64b6f65b0e71adac1c9a70c38f47c73c,2024-07-05T22:00:01+00:00
https://cognitus.com/resources/videos/the-simple-timesheet-video/,2024-07-04T12:12:08+00:00,3d329d52fc6b5f2a05f8ff00dda3493a,2024-07-05T22:00:01+00:00
https://cognitus.com/resources/videos/contract-flowdown-video/,2024-07-04T12:12:08+00:00,13e1308dea0724d6e1affd683d784a15,2024-07-05T22:00:01+00:00
https://cognitus.com/resources/videos/contracts-data-protection-video/,2024-07-04T12:12:08+00:00,6a68fccc207672dbf97bea20c245fc44,2024-07-05T22:00:01+00:00
https://cognitus.com/resources/videos/contract-lifecycle-management-lambdax-video/,2024-07-04T12:12:08+00:00,1c4534db7d5f8ec34fc7b2cf3f309cd5,2024-07-05T22:00:01+00:00
https://cognitus.com/resources/videos/government-property-video/,2024-07-04T12:12:08+00:00,5cbe5815b8cccb86ed0ff44fcebce37e,2024-07-05T22:00:01+00:00
https://cognitus.com/resources/videos/actual-labor-costing-video/,2024-07-04T12:12:08+00:00,cbc529de0c6431f4a5252839ec6c0be6,2024-07-05T22:00:01+00:00
https://cognitus.com/resources/videos/cash-application-video/,2024-07-04T12:12:08+00:00,8d21d4a33745cb02c95bb0aa02fdd84f,2024-07-05T22:00:01+00:00
https://cognitus.com/resources/thought-leadership/compete-in-networked-economy/,2024-07-04T12:12:08+00:00,ba3b0a04cc9ba9cc0a1d577fa4bad8fc,2024-07-05T22:00:01+00:00
https://cognitus.com/resources/videos/cis-govcon-for-proserv-video/,2024-07-04T12:12:08+00:00,28defd4d7573ae9d08fac4c7e0ea42fd,2024-07-05T22:00:01+00:00
https://cognitus.com/resources/videos/cis-govcon-for-aerospace-and-defence/,2024-07-04T12:12:08+00:00,dfdee267aeb17cccac839893f526953b,2024-07-05T22:00:01+00:00
https://cognitus.com/resources/solution-briefs/rise-with-sap-business-network/,2024-07-04T12:12:08+00:00,75246a3e171902554845ec0c6cc969c1,2024-07-05T22:00:01+00:00
https://cognitus.com/resources/videos/clm-lambdax-video/,2024-07-04T12:12:08+00:00,425060576163bfe785488336c59af55e,2024-07-05T22:00:01+00:00
https://cognitus.com/resources/thought-leadership/role-of-procurement-delivering-business-value/,2024-07-04T12:12:08+00:00,5da2878ebeda6b86168e41f3f81d93e3,2024-07-05T22:00:01+00:00
https://cognitus.com/resources/videos/extend-and-innovate-services-video/,2024-07-04T12:12:08+00:00,ee0adaa398b7067634a7841d7605de38,2024-07-05T22:00:01+00:00
https://cognitus.com/resources/videos/about-cognitus-video/,2024-07-04T12:12:08+00:00,a1ad1a3e8129a89d15546c924557b0b7,2024-07-05T22:00:01+00:00
https://cognitus.com/resources/videos/sap-partner-profile-video/,2024-07-04T12:12:08+00:00,15b8e2c7e56a8a02f3bbe715f69373eb,2024-07-05T22:00:01+00:00
https://cognitus.com/resources/thought-leadership/sap-procurement-infographic/,2024-07-04T12:12:08+00:00,2a62cfed531aa529249fdae65460028c,2024-07-05T22:00:01+00:00
https://cognitus.com/resources/thought-leadership/customer-service-excellence/,2024-07-04T12:12:08+00:00,f99145f47a7b065af9e0bedcd053db0b,2024-07-05T22:00:01+00:00
https://cognitus.com/resources/thought-leadership/future-proofing-b2b-sales/,2024-07-04T12:12:08+00:00,4c0be2a98ffff156797f7d15220b51fd,2024-07-05T22:00:01+00:00
https://cognitus.com/resources/solution-briefs/sap-sales-cloud/,2024-07-04T12:12:08+00:00,777113426663caac8f21c07cede06581,2024-07-05T22:00:01+00:00
https://cognitus.com/resources/thought-leadership/5-customer-service-trends/,2024-07-04T12:12:08+00:00,9aa15689c4cb2e4b86aeb4366a895430,2024-07-05T22:00:01+00:00
https://cognitus.com/resources/thought-leadership/changes-ahead-in-b2b-customer-service/,2024-07-04T12:12:08+00:00,575f9f15b736aef67e8446c92979efb3,2024-07-05T22:00:01+00:00
https://cognitus.com/resources/solution-briefs/sap-service-cloud/,2024-07-04T12:12:08+00:00,0a08662d3effa8ddab4d8d636276aed0,2024-07-05T22:00:01+00:00
https://cognitus.com/resources/solution-briefs/sap-commerce-cloud/,2024-07-04T12:12:08+00:00,143ded42f410908fa572c56a368c6bb6,2024-07-05T22:00:01+00:00
https://cognitus.com/resources/solution-briefs/sap-emarsys/,2024-07-04T12:12:08+00:00,30894f50a94e6fe17a1fa0508c0b6d8d,2024-07-05T22:00:01+00:00
https://cognitus.com/resources/thought-leadership/cx-agility-in-marketing/,2024-07-04T12:12:08+00:00,7db7fe6ce5722682a9ea8c161568838b,2024-07-05T22:00:01+00:00
https://cognitus.com/resources/thought-leadership/it-marketing-innovation/,2024-07-04T12:12:08+00:00,6759e74134752baa5537195f2ee0eea3,2024-07-05T22:00:01+00:00
https://cognitus.com/resources/solution-briefs/sap-customer-data/,2024-07-04T12:12:08+00:00,71da4c1c2e54f0e49918f7f7dfdc6ac0,2024-07-05T22:00:01+00:00
https://cognitus.com/resources/thought-leadership/customer-data-new-approach/,2024-07-04T12:12:08+00:00,787333c8247ca23488f3bafbfdd339cd,2024-07-05T22:00:01+00:00
https://cognitus.com/resources/thought-leadership/trust-customer-experience/,2024-07-04T12:12:08+00:00,12161860fa53af47df5b69c9953ef133,2024-07-05T22:00:01+00:00
https://cognitus.com/resources/thought-leadership/cx-agility-in-customer-data/,2024-07-04T12:12:08+00:00,b30f575cd87317ff3b011942480a3e28,2024-07-05T22:00:01+00:00
https://cognitus.com/resources/solution-briefs/sap-field-service-management-brochure/,2024-07-04T12:12:08+00:00,4d723b08399c0b91fa2298fe1bca1b22,2024-07-05T22:00:01+00:00
https://cognitus.com/resources/solution-briefs/field-service-management/,2024-07-04T12:12:08+00:00,9f06f904debfbf490494033f48f7c3f1,2024-07-05T22:00:01+00:00
https://cognitus.com/resources/solution-briefs/sap-extended-warehouse-management/,2024-07-04T12:12:08+00:00,f64531b840d17c5c152a1710592b1f37,2024-07-05T22:00:01+00:00
https://cognitus.com/resources/thought-leadership/5-supply-chain-strategies-for-resiliency/,2024-07-04T12:12:08+00:00,2fbeb151763cb0c50d9649bdb2f5b4b2,2024-07-05T22:00:01+00:00
https://cognitus.com/resources/thought-leadership/next-gen-supply-chain/,2024-07-04T12:12:08+00:00,2dabc018b9733360efc53dda459b87ac,2024-07-05T22:00:01+00:00
https://cognitus.com/resources/thought-leadership/best-in-class-manufacturing/,2024-07-04T12:12:08+00:00,1a32742715c2bd101df72343c28bc6d9,2024-07-05T22:00:01+00:00
https://cognitus.com/resources/thought-leadership/professional-services-growth-cloud-erp/,2024-07-04T12:12:08+00:00,64808b49654d46ea96dc5474b161e14a,2024-07-05T22:00:01+00:00
https://cognitus.com/resources/thought-leadership/reduce-risk-with-cloud-erp-idc/,2024-07-04T12:12:08+00:00,c66750e9d06d2be3de6adcb2bd4e839d,2024-07-05T22:00:01+00:00
https://cognitus.com/resources/thought-leadership/cloud-based-efficiency/,2024-07-04T12:12:08+00:00,404c234daacfc4b31bc5b7e043fb7306,2024-07-05T22:00:01+00:00
https://cognitus.com/resources/thought-leadership/business-performance-strategies/,2024-07-04T12:12:08+00:00,d65231c738a6032734d841cb2c55976e,2024-07-05T22:00:01+00:00
https://cognitus.com/resources/solution-briefs/rise-with-sap-overview/,2024-07-04T12:12:08+00:00,3df0cd3ea31429c23770a4d560b57da6,2024-07-05T22:00:01+00:00
https://cognitus.com/resources/solution-briefs/grow-with-sap-overview/,2024-07-04T12:12:08+00:00,d508d9e2f89390fd54c0b8c079751453,2024-07-05T22:00:01+00:00
https://cognitus.com/resources/solution-briefs/data-migration-with-alchemy/,2024-07-04T12:12:08+00:00,3505450264770c84302611dc4abed119,2024-07-05T22:00:01+00:00
https://cognitus.com/resources/solution-briefs/clm-lambdax-brochure/,2024-07-04T12:12:08+00:00,da883fb93662d6594e83bdc288d2b6a7,2024-07-05T22:00:01+00:00
https://cognitus.com/resources/thought-leadership/innovation-in-motion/,2024-07-04T12:12:08+00:00,54ab972db0f5a76cbfb2f924f5884290,2024-07-05T22:00:01+00:00
https://cognitus.com/resources/solution-briefs/cis-govcon-for-professional-services-solution-brief/,2024-07-04T12:12:08+00:00,3b126d6ef3d24bf7c3d12fbc25834eda,2024-07-05T22:00:01+00:00
https://cognitus.com/resources/thought-leadership/intelligent-enterprise-aerospace-and-defense/,2024-07-04T12:12:08+00:00,86045e95e39eb75c53b005bdf2c59bcc,2024-07-05T22:00:01+00:00
https://cognitus.com/resources/thought-leadership/guide-to-growth-idc/,2024-07-04T12:12:08+00:00,a9d5a3cdbbf880962f23766a62397af9,2024-07-05T22:00:01+00:00
https://cognitus.com/resources/thought-leadership/drive-growth-wholesale-idc/,2024-07-04T12:12:08+00:00,b45a5b40d5beae9e2a189a40b0848dff,2024-07-05T22:00:01+00:00
https://cognitus.com/resources/solution-briefs/solution-brief-aerospace-and-defense/,2024-07-04T12:12:08+00:00,070f401d9956f96557f44cb7087842aa,2024-07-05T22:00:01+00:00
https://cognitus.com/resources/thought-leadership/idc-gain-efficiences-with-cloud-erp/,2024-07-04T12:12:08+00:00,375faa5837a816eb4b1c9bf9164b20d6,2024-07-05T22:00:01+00:00
https://cognitus.com/resources/thought-leadership/unlocking-financial-excellence/,2024-07-04T12:12:08+00:00,2520fe3036e2f53fb732a01717527c83,2024-07-05T22:00:01+00:00
https://cognitus.com/resources/blog/,2024-07-04T12:12:08+00:00,abd5da80aaca9b391e8ce1e319dd180d,2024-07-05T22:00:01+00:00
https://cognitus.com/resources/blog-old/,2024-07-04T12:12:08+00:00,99c9ae4adcfb16d0cb92c86a8941c354,2024-07-05T22:00:01+00:00
https://cognitus.com/about/,2024-07-04T12:12:08+00:00,1100323d058880d37562297f631d04d8,2024-07-05T22:00:01+00:00
https://cognitus.com/press-releases/,2024-07-04T12:12:08+00:00,32aebb18317158e745288b85db09320c,2024-07-05T22:00:01+00:00
https://cognitus.com/about/our-team/,2024-07-04T12:12:08+00:00,5189fdfec0e5299d67f8de522680cbbb,2024-07-05T22:00:01+00:00
https://cognitus.com/careers/,2024-07-04T12:12:08+00:00,573742de7bbc60e68113ca0c117bfec7,2024-07-05T22:00:01+00:00
https://cognitus.com/contact/,2024-07-04T12:12:08+00:00,caa4fa397b66a45f2a8c03a49df6d2c4,2024-07-05T22:00:01+00:00
https://cognitus.com/legal/additional-policies/,2024-07-04T12:12:08+00:00,186e66b84210c55eb908e73c742909cd,2024-07-05T22:00:01+00:00
https://cognitus.com/legal/disclaimer/,2024-07-04T12:12:08+00:00,cea564f8d04231049f42548a1c0780e8,2024-07-05T22:00:01+00:00
https://cognitus.com/solutions/,2024-07-04T12:12:08+00:00,e4f520216ce3dfff2684c7455b501d92,2024-07-05T22:00:01+00:00
https://cognitus.com/legal/,2024-07-04T12:12:08+00:00,e1dcf8de2ad2c75a2131f554bf6710d7,2024-07-05T22:00:01+00:00
https://cognitus.com/services/,2024-07-04T12:12:08+00:00,e7b0c34bfb7315a28668f89038db3bf2,2024-07-05T22:00:01+00:00
https://cognitus.com/contact/request-a-proposal/,2024-07-04T12:12:08+00:00,b8c5bd88a4cba50a7005b61864327f8b,2024-07-05T22:00:01+00:00
https://cognitus.com/contact/general-inquiry/,2024-07-04T12:12:08+00:00,4bbc97e3b07352255bfa10e96d7253ac,2024-07-05T22:00:01+00:00
https://cognitus.com/contact/careers/,2024-07-04T12:12:08+00:00,b0ca88d6adb7453f8e21a09444bbff12,2024-07-05T22:00:01+00:00
https://cognitus.com/contact/request-a-demo/,2024-07-04T12:12:08+00:00,94921da6e02bcbc77b5ecf42c40381d9,2024-07-05T22:00:01+00:00
https://cognitus.com/legal/terms-and-conditions/,2024-07-04T12:12:08+00:00,479e09b24a110e698970adffb848d70b,2024-07-05T22:00:01+00:00
https://cognitus.com/legal/privacy-policy/,2024-07-04T12:12:08+00:00,4e1a78d63ee44daf9f6aaac63727301f,2024-07-05T22:00:01+00:00
https://cognitus.com/legal/cookie-policy/,2024-07-04T12:12:08+00:00,8a983fe7e368b4ac850c80ba9170f5bf,2024-07-05T22:00:01+00:00
https://cognitus.com/timeline-slider/,2024-07-04T12:12:08+00:00,6103027e802652ef72ad3d7221632be2,2024-07-05T22:00:01+00:00
https://cognitus.com/insights/end-to-end-pricing,2024-07-04T12:12:08+00:00,e1cb82bd40b179765eb9be2d7adac7f9,2024-07-05T22:00:01+00:00
https://cognitus.com/insights/automotive-infographic,2024-07-04T12:12:08+00:00,123d63e6b31f504c98987ff64663d900,2024-07-05T22:00:01+00:00
https://cognitus.com/insights/cpg-infographic,2024-07-04T12:12:08+00:00,4c445fa8f13c1f8ffff2d77f83139b20,2024-07-05T22:00:01+00:00
https://cognitus.com/insights/cognitus-and-pricefx-overview,2024-07-04T12:12:08+00:00,d0f09a69459a8a20688cd2a4d152dc2d,2024-07-05T22:00:01+00:00
https://cognitus.com/insights/quick-insight-features-benefits/,2024-07-04T12:12:08+00:00,31737d21a71a93af645d69c1f791eceb,2024-07-05T22:00:01+00:00
https://cognitus.com/insights/lambdax-ebook/,2024-07-04T12:12:08+00:00,110d3d7a127e9f62a1bb80eb77f26855,2024-07-05T22:00:01+00:00
https://cognitus.com/insights/rtb-video-resources/,2024-07-04T12:12:08+00:00,adfaa293f981760bb4759938a2ffc8b8,2024-07-05T22:00:01+00:00
https://cognitus.com/insights/rtb-resource-ebook/,2024-07-04T12:12:08+00:00,ef762dda50943190acf214ef24f81adf,2024-07-05T22:00:01+00:00
https://cognitus.com/insights/rtb-one-pager-resource/,2024-07-04T12:12:08+00:00,818bcda1dcf6f8ef2bda7018c4d89acc,2024-07-05T22:00:01+00:00
https://cognitus.com/insights/transformative-pricing-with-pricefx-cognitus/,2024-07-04T12:12:08+00:00,a3665cf54639aed240258f3f03307053,2024-07-05T22:00:01+00:00
https://cognitus.com/insights/cis-aftermarket-video/,2024-07-04T12:12:08+00:00,0ff2a250917fa85c7455df3b93530f98,2024-07-05T22:00:01+00:00
https://cognitus.com/insights/one-pager-cis-am/,2024-07-04T12:12:08+00:00,d10b7b19f5c3760134c4871e74c26a38,2024-07-05T22:00:01+00:00
https://cognitus.com/insights/solution-brief-cis-am-2/,2024-07-04T12:12:08+00:00,c71083af4e6dfa9859ebd8004ba7ffbb,2024-07-05T22:00:01+00:00
https://cognitus.com/insights/optimizing-cpg-pricing-with-sap-integration/,2024-07-04T12:12:08+00:00,423fdaa536241680945370cffc0c999d,2024-07-05T22:00:01+00:00
https://cognitus.com/insights/revolutionizing-automotive-pricing-with-sap/,2024-07-04T12:12:08+00:00,61d46699e8e22cc93dfd2a01bd5e9b32,2024-07-05T22:00:01+00:00
https://cognitus.com/insights/optimize-your-yard-operations-with-sap/,2024-07-04T12:12:08+00:00,5a7d539f156721a685de9a3f32a4239e,2024-07-05T22:00:01+00:00
https://cognitus.com/insights/optimizing-transportation-management-with-sap/,2024-07-04T12:12:08+00:00,bde49429e908c7020ad5f1b7c14c30f0,2024-07-05T22:00:01+00:00
https://cognitus.com/insights/optimizing-finance-with-cloud-erp/,2024-07-04T12:12:08+00:00,a26b517affc5153b4faf6599d505c8a7,2024-07-05T22:00:01+00:00
https://cognitus.com/insights/the-cognitus-difference/,2024-07-04T12:12:08+00:00,3b82e79d7e1c32d3c7ff022acfd2d8bc,2024-07-05T22:00:01+00:00
https://cognitus.com/insights/saps-guide-to-consumer-products-success/,2024-07-04T12:12:08+00:00,b4f3c5120b710fd3348b435cbb86274e,2024-07-05T22:00:01+00:00
https://cognitus.com/insights/navigating-the-cpg-industry-landscape/,2024-07-04T12:12:08+00:00,75dd13fdf47828a823540e408b761c48,2024-07-05T22:00:01+00:00
https://cognitus.com/insights/idc-insights-consumer-products-transformation/,2024-07-04T12:12:08+00:00,3d85f17f6b9688285f2a6f2868ca9470,2024-07-05T22:00:01+00:00
https://cognitus.com/insights/cpos-in-automotive-key-questions/,2024-07-04T12:12:08+00:00,2995b2d6adce4de1cf2752c3313ffe89,2024-07-05T22:00:01+00:00
https://cognitus.com/insights/transforming-wholesale-distribution/,2024-07-04T12:12:08+00:00,7ad93ea61179d93a2aec16f3eb7e35fd,2024-07-05T22:00:01+00:00
https://cognitus.com/insights/wholesale-distribution-strategies-ebook/,2024-07-04T12:12:08+00:00,2dfb3e8f2d4c832ad047d3a6ee64247c,2024-07-05T22:00:01+00:00
https://cognitus.com/insights/the-future-of-manufacturing-cloud-erp/,2024-07-04T12:12:08+00:00,e886c086180de2f32459baa58bb71819,2024-07-05T22:00:01+00:00
https://cognitus.com/insights/revolutionizing-manufacturing-with-cloud-erp/,2024-07-04T12:12:08+00:00,15d47f46edd220bbd3e802d9ec1a28f2,2024-07-05T22:00:01+00:00
https://cognitus.com/insights/partnership-excellence-in-the-services-sector/,2024-07-04T12:12:08+00:00,0d9fd3c0abf32c397cd7e92fe27f1492,2024-07-05T22:00:01+00:00
https://cognitus.com/insights/embracing-transformation-in-professional-services/,2024-07-04T12:12:08+00:00,b5045f7be718f5b3d19061f05479d125,2024-07-05T22:00:01+00:00
https://cognitus.com/insights/enhanced-btp-overview/,2024-07-04T12:12:08+00:00,05807cecd0d6ed49da7437986525ba62,2024-07-05T22:00:01+00:00
https://cognitus.com/insights/mastering-data-with-saps-business-data-fabric/,2024-07-04T12:12:08+00:00,0de86fdec5e5006d5bb72e0a401c0b2f,2024-07-05T22:00:01+00:00
https://cognitus.com/insights/sap-datasphere-transforming-data-connectivity/,2024-07-04T12:12:08+00:00,576b05d7d55fcb5b7fed119f1598735c,2024-07-05T22:00:01+00:00
https://cognitus.com/insights/sap-business-technology-platform-brochure/,2024-07-04T12:12:08+00:00,6564f723829afc2328af954364b10f2a,2024-07-05T22:00:01+00:00
https://cognitus.com/insights/sap-analytics-cloud-infographic/,2024-07-04T12:12:08+00:00,5c8a1b7aa920519fd6edac7406d17cc9,2024-07-05T22:00:01+00:00
https://cognitus.com/insights/total-economic-impact-of-sap-integration-suite/,2024-07-04T12:12:08+00:00,d28eb36484727e548571afcba7dfb073,2024-07-05T22:00:01+00:00
https://cognitus.com/insights/sap-analytics-cloud-solution-brief/,2024-07-04T12:12:08+00:00,3db0d3347f09671df8151657eb180a82,2024-07-05T22:00:01+00:00
https://cognitus.com/insights/advancing-finance-with-cloud-erp/,2024-07-04T12:12:08+00:00,382308a4ef063db9c777effb427d21aa,2024-07-05T22:00:01+00:00
https://cognitus.com/insights/saps-take-on-talent-management/,2024-07-04T12:12:08+00:00,c9acf834690baf73d5600e6219288183,2024-07-05T22:00:01+00:00
https://cognitus.com/insights/decoding-procurement-confidence/,2024-07-04T12:12:08+00:00,f78e1f06e8380564c91fd5f8c10af713,2024-07-05T22:00:01+00:00
https://cognitus.com/insights/navigating-talent-disruption/,2024-07-04T12:12:08+00:00,3b3dffea3fbad94c2b99fd3332a40a9c,2024-07-05T22:00:01+00:00
https://cognitus.com/insights/enhancing-procurement-with-sap-ariba/,2024-07-04T12:12:08+00:00,a6338d0a2e57cd7078fa0308c750e721,2024-07-05T22:00:01+00:00
https://cognitus.com/insights/direct-spend-management-with-sap-ariba/,2024-07-04T12:12:08+00:00,9b4fbf87d56732901020db1ca55b5e73,2024-07-05T22:00:01+00:00
https://cognitus.com/insights/sap-business-network-solution-insights/,2024-07-04T12:12:08+00:00,95bcdd9464718a49b9d0081e2f336f95,2024-07-05T22:00:01+00:00
https://cognitus.com/insights/explore-sap-business-network/,2024-07-04T12:12:08+00:00,4b5e8e655a4f0ca1a3cb35b8f50b1e1a,2024-07-05T22:00:01+00:00
https://cognitus.com/insights/rise-with-sap-business-network/,2024-07-04T12:12:08+00:00,31e60048bb3768951c925856c8311bad,2024-07-05T22:00:01+00:00
https://cognitus.com/insights/sap-procurement-transformation/,2024-07-04T12:12:08+00:00,c723992ad9d9869470adebc34fde6709,2024-07-05T22:00:01+00:00
https://cognitus.com/insights/sap-procurement-insights/,2024-07-04T12:12:08+00:00,200a9cdec5446c2255a35c921be00fbf,2024-07-05T22:00:01+00:00
https://cognitus.com/insights/excellence-in-customer-service/,2024-07-04T12:12:08+00:00,215325cb6f556e162b0adb46e5cbdbe3,2024-07-05T22:00:01+00:00
https://cognitus.com/insights/future-proof-sales-strategies/,2024-07-04T12:12:08+00:00,cecef0a30edc8d884906f6cd27d0becf,2024-07-05T22:00:01+00:00
https://cognitus.com/insights/enhance-sales-performance/,2024-07-04T12:12:08+00:00,b0e162dcd54ce2de015f1f9d158cf545,2024-07-05T22:00:01+00:00
https://cognitus.com/insights/trends-in-customer-service/,2024-07-04T12:12:08+00:00,b4ffc73755f0f5c8c35138eb75be3ee9,2024-07-05T22:00:01+00:00
https://cognitus.com/insights/hbr-insights-sap-service-cloud/,2024-07-04T12:12:08+00:00,7c64739062db2f427cfef7d4a65e85c7,2024-07-05T22:00:01+00:00
https://cognitus.com/insights/optimize-customer-service-with-sap/,2024-07-04T12:12:08+00:00,212f6c736b82ee8c259399ecad528b6a,2024-07-05T22:00:01+00:00
https://cognitus.com/insights/maximizing-b2c-commerce-with-sap/,2024-07-04T12:12:08+00:00,b7543e46b55d0511194635972b08d40e,2024-07-05T22:00:01+00:00
https://cognitus.com/insights/emarsys-solutions-insight/,2024-07-04T12:12:08+00:00,8fef3a60fe57b9e78fb6f18e6510fd5c,2024-07-05T22:00:01+00:00
https://cognitus.com/insights/agile-cx-in-marketing/,2024-07-04T12:12:08+00:00,95bb98bb38e89a9b3b38fe85273220ba,2024-07-05T22:00:01+00:00
https://cognitus.com/insights/it-marketing-synergy-in-cx/,2024-07-04T12:12:08+00:00,31d057728a13ce06d4e48967981147c7,2024-07-05T22:00:01+00:00
https://cognitus.com/insights/customer-data-cloud-insights/,2024-07-04T12:12:08+00:00,98d674b858ff734da289d114f3ea4c6b,2024-07-05T22:00:01+00:00
https://cognitus.com/insights/shaping-the-future-of-customer-experience/,2024-07-04T12:12:08+00:00,076c26c82809b0a81a0a8d2158075c6e,2024-07-05T22:00:01+00:00
https://cognitus.com/insights/the-trust-imperative-in-customer-experience/,2024-07-04T12:12:08+00:00,b5d8b3077e44c74f319064d4a215a9f5,2024-07-05T22:00:01+00:00
https://cognitus.com/insights/agile-customer-experience-through-data/,2024-07-04T12:12:08+00:00,d751d074fc2ecaa37adb80b3d2c21194,2024-07-05T22:00:01+00:00
https://cognitus.com/insights/explore-saps-fsm-solutions/,2024-07-04T12:12:08+00:00,a0351164ee7a602a82d1a843c5f78ebd,2024-07-05T22:00:01+00:00
https://cognitus.com/insights/optimize-field-operations-with-sap/,2024-07-04T12:12:08+00:00,404ecf062d158c2ea9e6ed9101697bc0,2024-07-05T22:00:01+00:00
https://cognitus.com/insights/optimize-your-warehouse-operations/,2024-07-04T12:12:08+00:00,c162bbe04a185b31e8ba44a6b713b043,2024-07-05T22:00:01+00:00
https://cognitus.com/insights/supply-chain-analysis/,2024-07-04T12:12:08+00:00,bf33181142ab8e9c46cb4cd925c0d978,2024-07-05T22:00:01+00:00
https://cognitus.com/insights/next-generation-supply-chain/,2024-07-04T12:12:08+00:00,08150b6f4e010d51ae26b4852b166004,2024-07-05T22:00:01+00:00
https://cognitus.com/insights/streamlining-supply-chains-visibility-intelligence/,2024-07-04T12:12:08+00:00,10f2ccf8bb0ddf11403b05d6c1c921b8,2024-07-05T22:00:01+00:00
https://cognitus.com/insights/visibility-and-intelligence-in-supply-chains/,2024-07-04T12:12:08+00:00,6f48992ad1b103c393309f684af5649f,2024-07-05T22:00:01+00:00
https://cognitus.com/insights/cloud-erp-in-professional-services/,2024-07-04T12:12:08+00:00,1feb585bbbf1859c7f71a2ac6e46d6f0,2024-07-05T22:00:01+00:00
https://cognitus.com/insights/build-resilience-with-cloud-erp/,2024-07-04T12:12:08+00:00,68e25b309e1f27ca431e55d43df6c763,2024-07-05T22:00:01+00:00
https://cognitus.com/insights/addressing-finance-challenges-in-the-cloud-era/,2024-07-04T12:12:08+00:00,62d9fc3690653ebd083098880fa3c66d,2024-07-05T22:00:01+00:00
https://cognitus.com/insights/finance-cloud-efficiency/,2024-07-04T12:12:08+00:00,f257e1269fcc4244946cfc98d9b2a2a7,2024-07-05T22:00:01+00:00
https://cognitus.com/insights/elevate-your-enterprise-with-cloud-erp/,2024-07-04T12:12:08+00:00,736f4edb9d3752c994a723f075821982,2024-07-05T22:00:01+00:00
https://cognitus.com/insights/erp-transformation-guide/,2024-07-04T12:12:08+00:00,86c98d831a166982402b92b87fa666e9,2024-07-05T22:00:01+00:00
https://cognitus.com/insights/erp-and-business-transformation-impact/,2024-07-04T12:12:08+00:00,22e5e317c2e003c5e161aa5172fd5558,2024-07-05T22:00:01+00:00
https://cognitus.com/insights/cloud-driven-enterprise-transformation/,2024-07-04T12:12:08+00:00,faf421e4d4234fa288decd365ad07fd1,2024-07-05T22:00:01+00:00
https://cognitus.com/insights/navigating-business-growth-2/,2024-07-04T12:12:08+00:00,42a199dc8743d65ef5cb4d6ac844458f,2024-07-05T22:00:01+00:00
https://cognitus.com/insights/unlock-growth-strategies-with-idcs-expert-guide/,2024-07-04T12:12:08+00:00,811a7fb28493eb631641227c723ab801,2024-07-05T22:00:01+00:00
https://cognitus.com/insights/growth-strategies-for-midsize-companies/,2024-07-04T12:12:08+00:00,7d4dceed06a78a8c24b06f87a9f66b4b,2024-07-05T22:00:01+00:00
https://cognitus.com/insights/unlock-growth-strategies/,2024-07-04T12:12:08+00:00,fbe494c4e96366ee55e5b3b51fca6a8f,2024-07-05T22:00:01+00:00
https://cognitus.com/insights/unlock-growth-strategies-2/,2024-07-04T12:12:08+00:00,d8bd130c906a030cbffa73c0a89dc116,2024-07-05T22:00:01+00:00
https://cognitus.com/insights/growth-strategy-guide/,2024-07-04T12:12:08+00:00,819dfee1b7f8e27a4dfbe6ab310bdcb0,2024-07-05T22:00:01+00:00
https://cognitus.com/insights/erp-growth-blueprint/,2024-07-04T12:12:08+00:00,9433f3172527dba58008bc44187a6fff,2024-07-05T22:00:01+00:00
https://cognitus.com/insights/cloud-transition-options/,2024-07-04T12:12:08+00:00,85a485500cf3f7f0ce0eb0551c5e101c,2024-07-05T22:00:01+00:00
https://cognitus.com/insights/quick-insight-alchemy-overview/,2024-07-04T12:12:08+00:00,563154cb4b195152f977be5e380c3505,2024-07-05T22:00:01+00:00
https://cognitus.com/insights/alchemy-brochure/,2024-07-04T12:12:08+00:00,9a2b2fa53876e9dea321f6d59650220e,2024-07-05T22:00:01+00:00
https://cognitus.com/insights/innovative-contract-solutions-detailed/,2024-07-04T12:12:08+00:00,35453b65b56abb94f04f4e3f2eb666e3,2024-07-05T22:00:01+00:00
https://cognitus.com/insights/innovation-in-motion-for-professional-services/,2024-07-04T12:12:08+00:00,c5954a00c43377a3d636ecb39367e088,2024-07-05T22:00:01+00:00
https://cognitus.com/insights/solution-brief-proserv-govcon/,2024-07-04T12:12:08+00:00,76a0f8f9d3e132b501036765ee47e345,2024-07-05T22:00:01+00:00
https://cognitus.com/insights/aerospace-defense-strategy-guide/,2024-07-04T12:12:08+00:00,2159e67aca648ef4c0a7915ffef4baf3,2024-07-05T22:00:01+00:00
https://cognitus.com/insights/ebook-the-intelligent-enterprise-for-ad/,2024-07-04T12:12:08+00:00,e65c4bb770042f9a3bc83f97c01bb1d4,2024-07-05T22:00:01+00:00
https://cognitus.com/insights/cis-ad-one-pager/,2024-07-04T12:12:08+00:00,5a30696b1913a931994657849ca28fbc,2024-07-05T22:00:01+00:00
https://cognitus.com/insights/cloud-erp-transforming-the-mid-market/,2024-07-04T12:12:08+00:00,fa01fd338a8879952d6e197b4bfaa43a,2024-07-05T22:00:01+00:00
https://cognitus.com/insights/transform-finance-with-cloud-erp/,2024-07-04T12:12:08+00:00,4b5fc447188f43d08c521b20e01ea9c6,2024-07-05T22:00:01+00:00
https://cognitus.com/insights/cloud-efficiency-insights/,2024-07-04T12:12:08+00:00,1b3f8abbdd43c4c73662a1eacdfd423b,2024-07-05T22:00:01+00:00
https://cognitus.com/insights/gain-efficiencies-with-cloud-erp/,2024-07-04T12:12:08+00:00,419a47c34f9943a55d52ff89471c96d8,2024-07-05T22:00:01+00:00
https://cognitus.com/insights/harness-cloud-erp-for-midmarket-growth/,2024-07-04T12:12:08+00:00,dc916df22e4ddb487d06e13342ee0d03,2024-07-05T22:00:01+00:00
https://cognitus.com/insights/innovating-with-cognitus/,2024-07-04T12:12:08+00:00,fd75bfd966544cfb514c6fdcbad4dff1,2024-07-05T22:00:01+00:00
https://cognitus.com/insights/maximizing-efficiency-with-cloud-erp/,2024-07-04T12:12:08+00:00,35ae37fd4b6b2afce590da497ff9788a,2024-07-05T22:00:01+00:00
https://cognitus.com/insights/download-cloud-erp-efficiency-insights/,2024-07-04T12:12:08+00:00,4819254a218936da51e86a153f44039d,2024-07-05T22:00:01+00:00
https://cognitus.com/insights/the-cognitus-edge/,2024-07-04T12:12:08+00:00,fa479f0cea0171118da625339543b9aa,2024-07-05T22:00:01+00:00
https://cognitus.com/insights/solution-brief/,2024-07-04T12:12:08+00:00,5ec9c823ecfdf0cb832be746c739c2f9,2024-07-05T22:00:01+00:00
https://cognitus.com/insights/wholesale-distribution-insights/,2024-07-04T12:12:08+00:00,032a55a071433b671bf0dcd1905f3a7f,2024-07-05T22:00:01+00:00
https://cognitus.com/insights/navigating-your-path-to-sap-s-4hana-with-customized-deployment-strategies/,2024-07-04T12:12:08+00:00,4a11ac53d19fadd1e9394f561dbb2f29,2024-07-05T22:00:01+00:00
https://cognitus.com/insights/ensuring-sap-success-your-strategic-partner-in-application-management-services/,2024-07-04T12:12:08+00:00,3d4a9906a23ff4841b7b663feb67a8c3,2024-07-05T22:00:01+00:00
https://cognitus.com/insights/conquer-modern-transportation-challenges/,2024-07-04T12:12:08+00:00,b152389ed527d3a818ec1a40ec305559,2024-07-05T22:00:01+00:00
https://cognitus.com/insights/ai-enhanced-contracts-management/,2024-07-04T12:12:08+00:00,2b15744f5609686a016baa15b2a2d1c9,2024-07-05T22:00:01+00:00
https://cognitus.com/insights/cloud-adoption-insights/,2024-07-04T12:12:08+00:00,3f2ff844135f5b2422ec2e7387138315,2024-07-05T22:00:01+00:00
https://cognitus.com/insights/customer-support/,2024-07-04T12:12:08+00:00,d1fe5b10bf6f7f42c068e71edfc027b1,2024-07-05T22:00:01+00:00
https://cognitus.com/insights/sap-store-feature/,2024-07-04T12:12:08+00:00,f15080014eba04192624de05c5c7a4dd,2024-07-05T22:00:01+00:00
https://cognitus.com/insights/shape-your-future-with-sap-btp/,2024-07-04T12:12:08+00:00,461e21c266b962cca2e4f068bc214410,2024-07-05T22:00:01+00:00
https://cognitus.com/insights/guide-to-sustainable-business-growth/,2024-07-04T12:12:08+00:00,f6a93ced34b26e69bebad79293defcd2,2024-07-05T22:00:01+00:00
https://cognitus.com/insights/revolutionize-operations-with-cloud-insights/,2024-07-04T12:12:08+00:00,3d7de7be6b826121d36e59347e7b9d99,2024-07-05T22:00:01+00:00
https://cognitus.com/insights/fast-track-cloud-erp/,2024-07-04T12:12:08+00:00,459c600bdf64ef4ffa43be7aea9cafe3,2024-07-05T22:00:01+00:00
https://cognitus.com/insights/sap-digital-supplier-network/,2024-07-04T12:12:08+00:00,ebe00a478ca50a3ad781af273518f284,2024-07-05T22:00:01+00:00
https://cognitus.com/insights/pivotal-role-grow-with-sap-in-the-midmarket/,2024-07-04T12:12:08+00:00,6e119a00578cdec9831cd0672f058467,2024-07-05T22:00:01+00:00
https://cognitus.com/insights/sap-btp-information-brochure/,2024-07-04T12:12:08+00:00,dd9733ae74a17c7b8820b7afc367caa8,2024-07-05T22:00:01+00:00
https://cognitus.com/insights/streamlining-data-migration-to-sap-s-4hana/,2024-07-04T12:12:08+00:00,0cbcece01fbf7b6085086631fe805860,2024-07-05T22:00:01+00:00
https://cognitus.com/insights/impact-of-ai-on-the-professional-services-industry/,2024-07-04T12:12:08+00:00,13f4fbaa3716b8b1af24c5fd2e10b16b,2024-07-05T22:00:01+00:00
https://cognitus.com/insights/5-ways-professional-services-leaders-can-streamline-operations/,2024-07-04T12:12:08+00:00,a07da27d6263ecc13f5cc126bc8ac150,2024-07-05T22:00:01+00:00
https://cognitus.com/insights/driving-professional-services-growth-with-cloud-erp/,2024-07-04T12:12:08+00:00,75b0fa15ba19c5032c0870f809d570a7,2024-07-05T22:00:01+00:00
https://cognitus.com/insights/innovating-procurement-sap-ariba-cis-shield/,2024-07-04T12:12:08+00:00,003dd633c0abd1e2a72a424c94cf32f5,2024-07-05T22:00:01+00:00
https://cognitus.com/insights/unleashing-the-power-of-the-cloud/,2024-07-04T12:12:08+00:00,1f01abd6a2cdce7c60264674699ed8cc,2024-07-05T22:00:01+00:00
https://cognitus.com/insights/cis-ad-solution-brief/,2024-07-04T12:12:08+00:00,691e7268ce9cc8ff591851de7088ee67,2024-07-05T22:00:01+00:00
https://cognitus.com/insights/the-simple-timesheet/,2024-07-04T12:12:08+00:00,acfd6edc0811153063376c2cc0c40636,2024-07-05T22:00:01+00:00
https://cognitus.com/insights/sap-store/,2024-07-04T12:12:08+00:00,ab5ea986e9f33ec799288ff1dcb73cb1,2024-07-05T22:00:01+00:00
https://cognitus.com/insights/intelligent-enterprise-for-the-aerospace-and-defense/,2024-07-04T12:12:08+00:00,c24117d39d7d9557ee495b2e9da4c8ef,2024-07-05T22:00:01+00:00
https://cognitus.com/insights/in-depth-functional-exploration/,2024-07-04T12:12:08+00:00,0cf2b3c56c4598d6fc351d39e41a2b9c,2024-07-05T22:00:01+00:00
https://cognitus.com/insights/alchemy-smart-etl-for-s-4hana-migration/,2024-07-04T12:12:08+00:00,d035d59276a9ae4ffb8efd2ae69f9b62,2024-07-05T22:00:01+00:00
https://cognitus.com/insights/industry-leading-products/,2024-07-04T12:12:08+00:00,1f3727e99540184bd876f62b7d26351c,2024-07-05T22:00:01+00:00
https://cognitus.com/insights/chat-bots/,2024-07-04T12:12:08+00:00,2f8ec07598671ad03dc67b32dcd8fe26,2024-07-05T22:00:01+00:00
https://cognitus.com/insights/supercharge-your-business-with-sap-and-pricefx/,2024-07-04T12:12:08+00:00,5fb661dc0f932fa3a01fa0c0865e4246,2024-07-05T22:00:01+00:00
https://cognitus.com/insights/quick-cloud-erp-adoption/,2024-07-04T12:12:08+00:00,49d0ad6cb5d95b4743986054d95df440,2024-07-05T22:00:01+00:00
https://cognitus.com/insights/discover-for-success/,2024-07-04T12:12:08+00:00,a4e8cb508a7ba31c4c2f524c81c639f2,2024-07-05T22:00:01+00:00
https://cognitus.com/insights/explore-services-in-brochure/,2024-07-04T12:12:08+00:00,cae51c98843b7fa02c7f1ce580ab0529,2024-07-05T22:00:01+00:00
https://cognitus.com/industries/aerospace-defense/,2024-07-04T12:12:08+00:00,405454898ba668afd64ec881d9cdec0a,2024-07-05T22:00:01+00:00
https://cognitus.com/industries/wholesale-distribution/,2024-07-04T12:12:08+00:00,a646b0bb3ee1380daa5d241fafc74d55,2024-07-05T22:00:01+00:00
https://cognitus.com/industries/cpg/,2024-07-04T12:12:08+00:00,113954e43f4d46d0420d6a5b083345bd,2024-07-05T22:00:01+00:00
https://cognitus.com/industries/manufacturing/,2024-07-04T12:12:08+00:00,1a8d7925f9f11b74f6a68ab2e847fc8e,2024-07-05T22:00:01+00:00
https://cognitus.com/industries/professional-services/,2024-07-04T12:12:08+00:00,e4e1f011b34f42fb9272e746db1a1af9,2024-07-05T22:00:01+00:00
https://cognitus.com/industries/mining/,2024-07-04T12:12:08+00:00,02f18470ee92ae61c6630b3579fdfc57,2024-07-05T22:00:01+00:00
https://cognitus.com/industries/other-industries/,2024-07-04T12:12:08+00:00,163c114e3cc0d67cbff7a6510cd2f23c,2024-07-05T22:00:01+00:00
https://cognitus.com/industries/public-sector/,2024-07-04T12:12:08+00:00,f2f6ab70820b40e68107583f5e58e1fb,2024-07-05T22:00:01+00:00
https://cognitus.com/industries/automotive/,2024-07-04T12:12:08+00:00,9eba79b8e43f3b20ebc2beb655e71520,2024-07-05T22:00:01+00:00
https://cognitus.com/services/digital-transformation/,2024-07-04T12:12:08+00:00,5715442c3dd3cb234fd7383e7e66fde0,2024-07-05T22:00:01+00:00
https://cognitus.com/services/grow-with-sap/,2024-07-04T12:12:08+00:00,4d852d56431b0af01424e56695b281d9,2024-07-05T22:00:01+00:00
https://cognitus.com/services/rise-with-sap-ppc/,2024-07-04T12:12:08+00:00,fa1751e0cfa653c476b7160dfd2ef4a8,2024-07-05T22:00:01+00:00
https://cognitus.com/services/rise-with-sap/,2024-07-04T12:12:08+00:00,1f1edfb0a9c303a32c6de531db848ad6,2024-07-05T22:00:01+00:00
https://cognitus.com/services/sap-extend-innovate/,2024-07-04T12:12:08+00:00,3b2030f0e527525b29b6bd652feba3ea,2024-07-05T22:00:01+00:00
https://cognitus.com/services/sap-deployment/,2024-07-04T12:12:08+00:00,d39b43b49db1e7200ee7b19376902814,2024-07-05T22:00:01+00:00
https://cognitus.com/services/sap-assessment/,2024-07-04T12:12:08+00:00,8b797755b940bc2c50916ef705b31205,2024-07-05T22:00:01+00:00
https://cognitus.com/services/sap-implementation/,2024-07-04T12:12:08+00:00,960a70abc621af01741907cb031d80aa,2024-07-05T22:00:01+00:00
https://cognitus.com/services/merger-acquisition/,2024-07-04T12:12:08+00:00,13388a446e2b38f274f640bf207f0ae1,2024-07-05T22:00:01+00:00
https://cognitus.com/services/sap/,2024-07-04T12:12:08+00:00,192f879fd9372d0e1d0ceb2903b6ba4e,2024-07-05T22:00:01+00:00
https://cognitus.com/services/sap-ams/,2024-07-04T12:12:08+00:00,5c527ea035f94202fc21e4ad9a5fd0dd,2024-07-05T22:00:01+00:00
https://cognitus.com/events/pat-sathi,2024-07-04T12:12:08+00:00,e1fe7cc961fcd01257a12ce63467ad60,2024-07-05T22:00:01+00:00
https://cognitus.com/events/ashlee/,2024-07-04T12:12:08+00:00,41520bb754d3383bf6adffd9ed3d1f31,2024-07-05T22:00:01+00:00
https://cognitus.com/events/dr-nicola-fox/,2024-07-04T12:12:08+00:00,f986181c3b6b1db4db26849ccf123074,2024-07-05T22:00:01+00:00
https://cognitus.com/events/jennifer/,2024-07-04T12:12:08+00:00,c80e798f81d7ffffad89ec447eb07052,2024-07-05T22:00:01+00:00
https://cognitus.com/events/martin/,2024-07-04T12:12:08+00:00,7d8d1d1867146d7b39f34177dbdbcd2e,2024-07-05T22:00:01+00:00
https://cognitus.com/events/fiona/,2024-07-04T12:12:08+00:00,2f722c64384a48644170013f0b3d6707,2024-07-05T22:00:01+00:00
https://cognitus.com/team_members/nitin-khanna/,2024-07-04T12:12:08+00:00,0193cd12952832a0deaea3771c9c6f17,2024-07-05T22:00:01+00:00
https://cognitus.com/team_members/denis-gustin/,2024-07-04T12:12:08+00:00,98922541fa6d0222bb5f515dc4cb24cf,2024-07-05T22:00:01+00:00
https://cognitus.com/team_members/jeff-olsen/,2024-07-04T12:12:08+00:00,f805c86f8a0331b96ddc41155f9a676b,2024-07-05T22:00:01+00:00
https://cognitus.com/team_members/adam-james/,2024-07-04T12:12:08+00:00,69b51d2c349045df768b831174e97fbe,2024-07-05T22:00:01+00:00
https://cognitus.com/team_members/francisco-verdesoto/,2024-07-04T12:12:08+00:00,45e467e4c7f61c33049652d27de242f2,2024-07-05T22:00:01+00:00
https://cognitus.com/team_members/rina-shah/,2024-07-04T12:12:08+00:00,57f29a7c2c6b964783f7e5343c3abf86,2024-07-05T22:00:01+00:00
https://cognitus.com/team_members/tammy-kearney/,2024-07-04T12:12:08+00:00,80c594c343809be2ffdd3bc775657b92,2024-07-05T22:00:01+00:00
https://cognitus.com/team_members/meghan-demo/,2024-07-04T12:12:08+00:00,2ae38454ba2f4169508aa0a4b106b50a,2024-07-05T22:00:01+00:00
https://cognitus.com/team_members/jason-sogard/,2024-07-04T12:12:08+00:00,a87201596df7dfa619ed456997eb6aa3,2024-07-05T22:00:01+00:00
https://cognitus.com/team_members/sheetal-biswas/,2024-07-04T12:12:08+00:00,11811ba3078cb7081ca46e6b13d5b55f,2024-07-05T22:00:01+00:00
https://cognitus.com/team_members/harsh-vardhan-mishra/,2024-07-04T12:12:08+00:00,5296962e4d6218a35cf9aa9933247b38,2024-07-05T22:00:01+00:00
https://cognitus.com/team_members/steve-fehr/,2024-07-04T12:12:08+00:00,31d73e0725495628345345855cfe5ed3,2024-07-05T22:00:01+00:00
https://cognitus.com/team_members/berthold-breitling/,2024-07-04T12:12:08+00:00,bdebcb913513901de66d8945b219545d,2024-07-05T22:00:01+00:00
https://cognitus.com/team_members/gary-goulet/,2024-07-04T12:12:08+00:00,098a3487a8e1aabb9c2f0d042c8d48e2,2024-07-05T22:00:01+00:00
https://cognitus.com/team_members/nito-waals/,2024-07-04T12:12:08+00:00,6a5427938cbac3008c42b5e9584557cf,2024-07-05T22:00:01+00:00
https://cognitus.com/team_members/robert-van-der-zande/,2024-07-04T12:12:08+00:00,0524be1b413332393e72bfb9768d054a,2024-07-05T22:00:01+00:00
https://cognitus.com/team_members/amit-baid/,2024-07-04T12:12:08+00:00,2f1b0348d92faf441ae6dcb4ce3661da,2024-07-05T22:00:01+00:00
https://cognitus.com/team_members/pat-sathi/,2024-07-04T12:12:08+00:00,032d667b052b768a370c7772ba8c94ec,2024-07-05T22:00:01+00:00
https://cognitus.com/locations/sao-paulo-brazil/,2024-07-04T12:12:08+00:00,2dc1b196844f294c3054f3a479c50990,2024-07-05T22:00:01+00:00
https://cognitus.com/locations/miami-florida/,2024-07-04T12:12:08+00:00,aa7d2176580a2a9307f33fde344cd71f,2024-07-05T22:00:01+00:00
https://cognitus.com/locations/toulouse-france/,2024-07-04T12:12:08+00:00,78635ef9acb8156e5fb0f15f43a02d51,2024-07-05T22:00:01+00:00
https://cognitus.com/locations/nashville-tennessee/,2024-07-04T12:12:08+00:00,ed0cbff7be4d384ce34004d5f2490699,2024-07-05T22:00:01+00:00
https://cognitus.com/locations/utrecht-netherlands/,2024-07-04T12:12:08+00:00,eb79d6e20780544f28d7f61d047260c1,2024-07-05T22:00:01+00:00
https://cognitus.com/locations/frankfurt-germany/,2024-07-04T12:12:08+00:00,16ec1a97a842470c1711199ea82f1c9a,2024-07-05T22:00:01+00:00
https://cognitus.com/locations/copenhagen-denmark/,2024-07-04T12:12:08+00:00,e68cc194811dc12a445cefaff49db3a2,2024-07-05T22:00:01+00:00
https://cognitus.com/locations/prague-czech-republic/,2024-07-04T12:12:08+00:00,3387e632af2701e0c4226cc3f20b273c,2024-07-05T22:00:01+00:00
https://cognitus.com/locations/london-uk/,2024-07-04T12:12:08+00:00,1f545eb440aa70d56fcb747e5e11142b,2024-07-05T22:00:01+00:00
https://cognitus.com/locations/mumbai-india/,2024-07-04T12:12:08+00:00,4533d12283ab7de21949cc53b85003d8,2024-07-05T22:00:01+00:00
https://cognitus.com/locations/hyderabad-india/,2024-07-04T12:12:08+00:00,8313e5dce4d62dd727354e6f56e1e271,2024-07-05T22:00:01+00:00
https://cognitus.com/locations/buenos-aires-argentina/,2024-07-04T12:12:08+00:00,900dddf769989a7f9f0a6559f04db476,2024-07-05T22:00:01+00:00
https://cognitus.com/locations/bogota-colombia/,2024-07-04T12:12:08+00:00,3c77f54c793d712e405a0fa9851b4aad,2024-07-05T22:00:01+00:00
https://cognitus.com/locations/panama-city-panama/,2024-07-04T12:12:08+00:00,845d24d4203c2e10fb531953ab1eb9c6,2024-07-05T22:00:01+00:00
https://cognitus.com/locations/tangiers-morocco/,2024-07-04T12:12:08+00:00,722a62297ba55072a8ce4bd1b547985f,2024-07-05T22:00:01+00:00
https://cognitus.com/locations/kaulalampur-malaysia/,2024-07-04T12:12:08+00:00,3df6fc3d57f18bbdbab78cd172c62dd9,2024-07-05T22:00:01+00:00
https://cognitus.com/locations/mexico-city-mexico/,2024-07-04T12:12:08+00:00,de289fcc68087084fa544d9826bbf207,2024-07-05T22:00:01+00:00
https://cognitus.com/locations/aguadilla-puerto-rico/,2024-07-04T12:12:08+00:00,afde266c2cbef82961c4e67ff0e239e7,2024-07-05T22:00:01+00:00
https://cognitus.com/locations/ontario-canada/,2024-07-04T12:12:08+00:00,452fb7f9dc0be74bd6d059c3cc6185be,2024-07-05T22:00:01+00:00
https://cognitus.com/locations/dallas-texas/,2024-07-04T12:12:08+00:00,5ca3a1b61885b1a2fa44cf2d2de335a3,2024-07-05T22:00:01+00:00
https://cognitus.com/solutions/cx/,2024-07-04T12:12:08+00:00,3230b1b7bccd9d36233d3c3419548fa5,2024-07-05T22:00:01+00:00
https://cognitus.com/solutions/dsc/,2024-07-04T12:12:08+00:00,fdc298f10da4fd71082ffe7455b5b409,2024-07-05T22:00:01+00:00
https://cognitus.com/solutions/erp/sap-s4hana/,2024-07-04T12:12:08+00:00,9dd924c5e0b2bef3b497ca57ab0a5227,2024-07-05T22:00:01+00:00
https://cognitus.com/solutions/erp/,2024-07-04T12:12:08+00:00,72294b5f8f731709e3c155213b1d7b28,2024-07-05T22:00:01+00:00
https://cognitus.com/solutions/erp/sap-s-4hana-ppc/,2024-07-04T12:12:08+00:00,f7a06c133edaad7dce2610d762fabad4,2024-07-05T22:00:01+00:00
https://cognitus.com/solutions/spend-management/,2024-07-04T12:12:08+00:00,f2babaf93716254e445d8028e4661b54,2024-07-05T22:00:01+00:00
https://cognitus.com/solutions/sap-btp/,2024-07-04T12:12:08+00:00,f2924e12d996850af9f770d40c4cb66a,2024-07-05T22:00:01+00:00
https://cognitus.com/solutions/finance-analytics/sap-datasphere/,2024-07-04T12:12:08+00:00,6931d8165c3f3c1e2c0cd6d29b0834ef,2024-07-05T22:00:01+00:00
https://cognitus.com/solutions/finance-analytics/sap-analytics-cloud/,2024-07-04T12:12:08+00:00,7bfe7c25d669c3ea62bb0017600a5f17,2024-07-05T22:00:01+00:00
https://cognitus.com/solutions/erp/sap-s4hana/cloud-public/,2024-07-04T12:12:08+00:00,0c0976b502972a07f550a203845225ac,2024-07-05T22:00:01+00:00
https://cognitus.com/solutions/spend-management/sap-ariba/,2024-07-04T12:12:08+00:00,abb02e48a7b3c3f1ff11af93cd55ce88,2024-07-05T22:00:01+00:00
https://cognitus.com/solutions/cx/sap-data-cloud/,2024-07-04T12:12:08+00:00,92ebdf315987f9b3714fa91910a49fc4,2024-07-05T22:00:01+00:00
https://cognitus.com/solutions/dsc/sap-manufacturing-intelligence-integration/,2024-07-04T12:12:08+00:00,c31c93506f7f9582386ef657a5e97212,2024-07-05T22:00:01+00:00
https://cognitus.com/solutions/dsc/sap-field-service-management/,2024-07-04T12:12:08+00:00,867dd4808d21c905a61076809b4ef3e4,2024-07-05T22:00:01+00:00
https://cognitus.com/solutions/dsc/sap-extended-warehouse-management/,2024-07-04T12:12:08+00:00,93c6d196d43c564c4abcc27f9c8a05f8,2024-07-05T22:00:01+00:00
https://cognitus.com/solutions/finance-analytics/,2024-07-04T12:12:08+00:00,920721e0637231078fc407c6a4f4d005,2024-07-05T22:00:01+00:00
https://cognitus.com/solutions/erp/sap-s4hana/cloud-private/,2024-07-04T12:12:08+00:00,541125ea29a8b79aa70a0704922e7313,2024-07-05T22:00:01+00:00
https://cognitus.com/solutions/cx/sap-commerce-cloud/,2024-07-04T12:12:08+00:00,6e8e3f351e0f7eeba3ed399de49c0506,2024-07-05T22:00:01+00:00
https://cognitus.com/solutions/dsc/sap-transportation-management/,2024-07-04T12:12:08+00:00,1a8600ee81ba4539196a5269ceebcd43,2024-07-05T22:00:01+00:00
https://cognitus.com/solutions/cx/sap-sales-cloud/,2024-07-04T12:12:08+00:00,4237f8b575574fbd33823c87ba59791a,2024-07-05T22:00:01+00:00
https://cognitus.com/solutions/spend-management/sap-concur/,2024-07-04T12:12:08+00:00,5dc6b14f2729199a295198e6567ec660,2024-07-05T22:00:01+00:00
https://cognitus.com/solutions/spend-management/sap-fieldglass/,2024-07-04T12:12:08+00:00,e280e565769948a94ce280fa1337ffbb,2024-07-05T22:00:01+00:00
https://cognitus.com/solutions/spend-management/sap-business-network/,2024-07-04T12:12:08+00:00,a2a6076b2a180d2aebfdbdd9dfaabc57,2024-07-05T22:00:01+00:00
https://cognitus.com/solutions/dsc/sap-yard-logistics/,2024-07-04T12:12:08+00:00,2e31aac998a0e624cf3ef068548a1093,2024-07-05T22:00:01+00:00
https://cognitus.com/solutions/dsc/sap-digital-manufacturing-cloud/,2024-07-04T12:12:08+00:00,998614b79471417474b62ef5cca8a12b,2024-07-05T22:00:01+00:00
https://cognitus.com/solutions/dsc/sap-integrated-business-planning/,2024-07-04T12:12:08+00:00,7223032371243456ab634f6191fc2eae,2024-07-05T22:00:01+00:00
https://cognitus.com/solutions/cx/sap-service-cloud/,2024-07-04T12:12:08+00:00,35aac887cd47883cc6e0ead310f3067d,2024-07-05T22:00:01+00:00
https://cognitus.com/solutions/cx/sap-emarsys-customer-engagement/,2024-07-04T12:12:08+00:00,9e6fcb6e8d23738ecf5b7103127b8257,2024-07-05T22:00:01+00:00
https://cognitus.com/products/gov-con/aerospace-defense/,2024-07-04T12:12:08+00:00,6003ed5989840e1711141725e1aecbcc,2024-07-05T22:00:01+00:00
https://cognitus.com/products/aftermarket/,2024-07-04T12:12:08+00:00,c43f0d6e5eb52efe2bc155c8a847e69e,2024-07-05T22:00:01+00:00
https://cognitus.com/products/clm/,2024-07-04T12:12:08+00:00,0fb41629d124542fe0b860d8b762c22e,2024-07-05T22:00:01+00:00
https://cognitus.com/products/real-time-billing-by-cognitus/,2024-07-04T12:12:08+00:00,d9969a3b7652b95ac4aba8c13faa8116,2024-07-05T22:00:01+00:00
https://cognitus.com/products/data-migration/,2024-07-04T12:12:08+00:00,8c91aab107f5abee6022555ebef78719,2024-07-05T22:00:01+00:00
https://cognitus.com/products/secure-supplier-operations/,2024-07-04T12:12:08+00:00,68a5c71728badb4d211311c1a07bae90,2024-07-05T22:00:01+00:00
https://cognitus.com/products/project-automation/,2024-07-04T12:12:08+00:00,ccd37bdd09243f0f240b4eb2666bd42a,2024-07-05T22:00:01+00:00
https://cognitus.com/products/gov-con/professional-services/,2024-07-04T12:12:08+00:00,1b9b0721c003185fe4b50e6bbbed2d98,2024-07-05T22:00:01+00:00
https://cognitus.com/products/generative-ai/,2024-07-04T12:12:08+00:00,8ae7d8c74a7c1fcdc527624d1dc6b1ff,2024-07-05T22:00:01+00:00
https://cognitus.com/products/gov-con/,2024-07-04T12:12:08+00:00,1ba3459ce1a50632a4f0143f62ca6c14,2024-07-05T22:00:01+00:00
https://cognitus.com/blogs/streamlining-data-migration-the-next-generation-platform-for-migrating-to-sap-s-4hana/,2024-07-04T12:12:08+00:00,138c29ee02507d3322fc38cf1cd86412,2024-07-05T22:00:01+00:00
https://cognitus.com/blogs/moving-to-the-cloud-discover-your-options-with-grow-and-rise-with-sap/,2024-07-04T12:12:08+00:00,8338aa1b6951f466cd8559a186537561,2024-07-05T22:00:01+00:00
https://cognitus.com/blogs/shape-your-business-digital-future-with-the-power-of-sap-btp/,2024-07-04T12:12:08+00:00,b671faf51cecf6aba00c190623dbe2a0,2024-07-05T22:00:01+00:00
https://cognitus.com/blogs/success-strategy-revealed-how-do-industry-leaders-successfully-adopt-a-sustainable-business-growth-model/,2024-07-04T12:12:08+00:00,f171a3ff91886831e39c820c11bf734b,2024-07-05T22:00:01+00:00
https://cognitus.com/blogs/cognitus-partners-with-sap-to-unlock-best-practices-for-successful-ma-integration/,2024-07-04T12:12:08+00:00,5b685f01f88c5d20863e632f169c88ac,2024-07-05T22:00:01+00:00
https://cognitus.com/blogs/adopt-cloud-erp-quickly-and-confidently-what-grow-with-sap-means/,2024-07-04T12:12:08+00:00,112d1d9fd86984f0eaac1108dfbac8b1,2024-07-05T22:00:01+00:00
https://cognitus.com/profiles/hemant-bamugade/,2024-07-04T12:12:08+00:00,d17a78c748801647ee18047b85eb5b87,2024-07-05T22:00:01+00:00
https://cognitus.com/profiles/stevefehr/,2024-07-04T12:12:08+00:00,8542d07814b01480a5d8351e8b53a426,2024-07-05T22:00:01+00:00
https://cognitus.com/profiles/abhishake-yadav/,2024-07-04T12:12:08+00:00,8e594959f8e5383ec257122e0f46af9e,2024-07-05T22:00:01+00:00
https://cognitus.com/profiles/francisco-verdesoto/,2024-07-04T12:12:08+00:00,c086f824281aa8a2f95d954789e0b877,2024-07-05T22:00:01+00:00
https://cognitus.com/profiles/kumar-piraviperumal/,2024-07-04T12:12:08+00:00,61107d30d46f1b96c93e4a19b36aa70d,2024-07-05T22:00:01+00:00
https://cognitus.com/profiles/denis-gustin/,2024-07-04T12:12:08+00:00,de20092ea9a150797bba077330e69a1c,2024-07-05T22:00:01+00:00
https://cognitus.com/profiles/nathan-singh/,2024-07-04T12:12:08+00:00,6ab7a1cbea199bc2c7a7d29a45566838,2024-07-05T22:00:01+00:00
https://cognitus.com/profiles/michaelbiggs/,2024-07-04T12:12:08+00:00,ad85015ed6b743082a6d0b74a7a53eaf,2024-07-05T22:00:01+00:00
https://cognitus.com/profiles/cognitus-2/,2024-07-04T12:12:08+00:00,8c1aa7da0c6c4940f9e70981c54d4681,2024-07-05T22:00:01+00:00
https://cognitus.com/profiles/jeffolsen/,2024-07-04T12:12:08+00:00,db0ce6b254258084e3a0f5bed75f2ebb,2024-07-05T22:00:01+00:00
https://cognitus.com/profiles/patsathi/,2024-07-04T12:12:08+00:00,6812357506566d4f97a6eb2b0be364be,2024-07-05T22:00:01+00:00
https://cognitus.com/category/uncategorized/,2024-07-04T12:12:08+00:00,e4511e1619d0c80e23b4ffe7965ae57a,2024-07-05T22:00:01+00:00
https://cognitus.com/category/industry/aerospace-defense/,2024-07-04T12:12:08+00:00,68f0fc4036c281f86dbdecf837f09147,2024-07-05T22:00:01+00:00
https://cognitus.com/category/solutions/enterprise-resource-planning/,2024-07-04T12:12:08+00:00,8a8c3dd8fcfdcc7d1318be5693403949,2024-07-05T22:00:01+00:00
https://cognitus.com/category/solutions/customer-experience/,2024-07-04T12:12:08+00:00,39142d7079f1f50c3d35455a0732a3fd,2024-07-05T22:00:01+00:00
https://cognitus.com/category/solutions/spend-management/,2024-07-04T12:12:08+00:00,0e6c432dfe94e992db3f73d13a0e1e99,2024-07-05T22:00:01+00:00
https://cognitus.com/category/solutions/finance-analytics/,2024-07-04T12:12:08+00:00,acaed034d11ba153a779032856975f6a,2024-07-05T22:00:01+00:00
https://cognitus.com/category/solutions/business-technology-platform/,2024-07-04T12:12:08+00:00,b1c33f036eb9ee18a7b75d0bbe69d08d,2024-07-05T22:00:01+00:00
https://cognitus.com/category/solutions/pricing/,2024-07-04T12:12:08+00:00,f7dfe4d72d2d8306051083cb61182dab,2024-07-05T22:00:01+00:00
https://cognitus.com/category/services/grow-with-sap/,2024-07-04T12:12:08+00:00,0bd0c82b2ed289c65859e1526f7d8f1d,2024-07-05T22:00:01+00:00
https://cognitus.com/category/services/rise-with-sap/,2024-07-04T12:12:08+00:00,2eaac1bb1530bd6ffbbb9fdac9476cf3,2024-07-05T22:00:01+00:00
https://cognitus.com/category/services/implementation-services/,2024-07-04T12:12:08+00:00,9ab0a6a531070bce4739d8d7c1c44094,2024-07-05T22:00:01+00:00
https://cognitus.com/category/services/merger-and-acquisition-services/,2024-07-04T12:12:08+00:00,eb993707452b50f87dd4474a6f6126c0,2024-07-05T22:00:01+00:00
https://cognitus.com/category/services/rapid-cloud-deployment/,2024-07-04T12:12:08+00:00,1d1953c9e768f8eb18c14b688660164f,2024-07-05T22:00:01+00:00
https://cognitus.com/category/services/extend-and-innovate/,2024-07-04T12:12:08+00:00,1bf7124d89d14bd92b7f8b6a6e42b965,2024-07-05T22:00:01+00:00
https://cognitus.com/category/topic/government-contracting-compliance/,2024-07-04T12:12:08+00:00,faf99ab28182e185f978bcd78517b191,2024-07-05T22:00:01+00:00
https://cognitus.com/category/topic/contracts-billing/,2024-07-04T12:12:08+00:00,679d1129c65d5b060f63a8bd60d9bcdf,2024-07-05T22:00:01+00:00
https://cognitus.com/category/topic/artificial-intelligence/,2024-07-04T12:12:08+00:00,c1d018eef51265cd896b9b9522779f04,2024-07-05T22:00:01+00:00
https://cognitus.com/category/topic/data-migration/,2024-07-04T12:12:08+00:00,41bcd002d0ca75e6201206a7a21238c2,2024-07-05T22:00:01+00:00
https://cognitus.com/category/topic/sustainability/,2024-07-04T12:12:08+00:00,ca34446ebae6857d8eae629fd9d026d5,2024-07-05T22:00:01+00:00
https://cognitus.com/category/press/,2024-07-04T12:12:08+00:00,beb9efd875769e3889b8d33a96742e53,2024-07-05T22:00:01+00:00
https://cognitus.com/category/services/digital-transformation-services/,2024-07-04T12:12:08+00:00,72ce9485950d557ccb2eea2ec6cad6ad,2024-07-05T22:00:01+00:00
https://cognitus.com/category/solutions/sap-s-4hana/,2024-07-04T12:12:08+00:00,e99ebba894a2d12e094c8855fb657424,2024-07-05T22:00:01+00:00
https://cognitus.com/tag/aerospace-and-defense/,2024-07-04T12:12:08+00:00,c5fe7d8ce27d3a035db8aec94a887631,2024-07-05T22:00:01+00:00
https://cognitus.com/tag/sap-solutions/,2024-07-04T12:12:08+00:00,bb4eed276e369f9ba324bff79bb15b64,2024-07-05T22:00:01+00:00
https://cognitus.com/tag/supply-chain/,2024-07-04T12:12:08+00:00,d26a203536ab3ad8a8cb2c84ea488075,2024-07-05T22:00:01+00:00
https://cognitus.com/tag/compliance/,2024-07-04T12:12:08+00:00,13b2a7e15f192d86dcf562c9bb5c0394,2024-07-05T22:00:01+00:00
https://cognitus.com/tag/contracts-and-billing/,2024-07-04T12:12:08+00:00,e9598f1097d2bc86370a13be115d5fe8,2024-07-05T22:00:01+00:00
https://cognitus.com/tag/industry-solution-for-ad/,2024-07-04T12:12:08+00:00,77bc9fb6d72c30e151f7e86510a522c4,2024-07-05T22:00:01+00:00
https://cognitus.com/tag/government-contractors/,2024-07-04T12:12:08+00:00,49f3ce0b2d1af845a940c818a913ea20,2024-07-05T22:00:01+00:00
https://cognitus.com/tag/government-contracting/,2024-07-04T12:12:08+00:00,0fb937293750fea4d0eae72918f75611,2024-07-05T22:00:01+00:00
https://cognitus.com/tag/spend-management/,2024-07-04T12:12:08+00:00,49198161df98e4f6e9cf062b2e0f502e,2024-07-05T22:00:01+00:00
https://cognitus.com/tag/sap-ariba/,2024-07-04T12:12:08+00:00,e24f62f949963eaf96a002736f2f5ff2,2024-07-05T22:00:01+00:00
https://cognitus.com/tag/intelligent-spend-business-network/,2024-07-04T12:12:08+00:00,8cfae7b35237d0e376aface12fdfed97,2024-07-05T22:00:01+00:00
https://cognitus.com/tag/supply-chain-management/,2024-07-04T12:12:08+00:00,103dd14dd7d5828da24037f4dbdf8159,2024-07-05T22:00:01+00:00
https://cognitus.com/tag/digital-supply-chain/,2024-07-04T12:12:08+00:00,28151d016e4493bca107f01cc69bfeea,2024-07-05T22:00:01+00:00
https://cognitus.com/tag/buyers-and-suppliers/,2024-07-04T12:12:08+00:00,47720f711a454f186572ef3f62341403,2024-07-05T22:00:01+00:00
https://cognitus.com/tag/sap-ariba-supplier-management/,2024-07-04T12:12:08+00:00,cf29d8d3b6699cc6896818fa9dc8ab1d,2024-07-05T22:00:01+00:00
https://cognitus.com/tag/buyers-and-supplier-management/,2024-07-04T12:12:08+00:00,bfcf705de2f4f9eb763d77318ce676fe,2024-07-05T22:00:01+00:00
https://cognitus.com/tag/revenue-management/,2024-07-04T12:12:08+00:00,ea4bf489dacde3735a81244a6537c34c,2024-07-05T22:00:01+00:00
https://cognitus.com/tag/chargebacks/,2024-07-04T12:12:08+00:00,8b06e513e71ad681e5f28cfc0ad59bc7,2024-07-05T22:00:01+00:00
https://cognitus.com/tag/billbacks/,2024-07-04T12:12:08+00:00,933f9c79dfa7977de27b65d4e6053914,2024-07-05T22:00:01+00:00
https://cognitus.com/tag/price-management/,2024-07-04T12:12:08+00:00,8fa1804506bb67a10dc7495d05b20813,2024-07-05T22:00:01+00:00
https://cognitus.com/tag/vistex-software/,2024-07-04T12:12:08+00:00,5a89f3564a579741f01516eed45c0efd,2024-07-05T22:00:01+00:00
https://cognitus.com/tag/vistex/,2024-07-04T12:12:08+00:00,393ff442806d52c6e4654ac98f5a7057,2024-07-05T22:00:01+00:00
https://cognitus.com/tag/rebates/,2024-07-04T12:12:08+00:00,ba050a6fc2be4af8744a10f82a95d0b3,2024-07-05T22:00:01+00:00
https://cognitus.com/tag/pricing/,2024-07-04T12:12:08+00:00,3417a768e8bc12b59e4b96167a1225ff,2024-07-05T22:00:01+00:00
https://cognitus.com/tag/rebates-management/,2024-07-04T12:12:08+00:00,4df36cba9a3f9217d51853313bd2e1d3,2024-07-05T22:00:01+00:00
https://cognitus.com/tag/profits/,2024-07-04T12:12:08+00:00,0310afe1af2d15e1f330548be87be693,2024-07-05T22:00:01+00:00
https://cognitus.com/tag/growth/,2024-07-04T12:12:08+00:00,90ddf8480a424f6902e2a478ac00643f,2024-07-05T22:00:01+00:00
https://cognitus.com/tag/finance/,2024-07-04T12:12:08+00:00,a984f53c8101d173278137e5aa1de10d,2024-07-05T22:00:01+00:00
https://cognitus.com/tag/data-migration/,2024-07-04T12:12:08+00:00,d4eca5c26c6c6bf8c71f7a5b56bcd28a,2024-07-05T22:00:01+00:00
https://cognitus.com/tag/intelligent-data-migration/,2024-07-04T12:12:08+00:00,2825a5d2d6193d2a3c0546cac95ea779,2024-07-05T22:00:01+00:00
https://cognitus.com/tag/s4hana-data-migration/,2024-07-04T12:12:08+00:00,7d91e681500a98c1385c0b8bd9ecee27,2024-07-05T22:00:01+00:00
https://cognitus.com/tag/sap-app-store/,2024-07-04T12:12:08+00:00,5c5d11098bb1ad7b87b91b1bf5368157,2024-07-05T22:00:01+00:00
https://cognitus.com/tag/alchemy-data-migration/,2024-07-04T12:12:08+00:00,0a94679203fb24d761af04aa33a5926b,2024-07-05T22:00:01+00:00
https://cognitus.com/tag/sap-certified-solution/,2024-07-04T12:12:08+00:00,773f97c54ed739316f411a05bc46bb06,2024-07-05T22:00:01+00:00
https://cognitus.com/tag/artificial-intelligence/,2024-07-04T12:12:08+00:00,5319b99d7771158aad9a3cb4760d4e52,2024-07-05T22:00:01+00:00
https://cognitus.com/tag/customer-support/,2024-07-04T12:12:08+00:00,6ab9256ba4590aabe52e26c381d4fdc2,2024-07-05T22:00:01+00:00
https://cognitus.com/tag/sap-btp/,2024-07-04T12:12:08+00:00,f05c81666cf008757116be2e04206e15,2024-07-05T22:00:01+00:00
https://cognitus.com/tag/sap-business-technology-platform/,2024-07-04T12:12:08+00:00,0d3e20f9ab736d2de60c696341680ff9,2024-07-05T22:00:01+00:00
https://cognitus.com/tag/retrieval-augmented-generation/,2024-07-04T12:12:08+00:00,dcd8d638c0a1b41d87daafb77d6c5c18,2024-07-05T22:00:01+00:00
https://cognitus.com/tag/customer-experience/,2024-07-04T12:12:08+00:00,11815b649cbc81210c40f827a5256ed5,2024-07-05T22:00:01+00:00
https://cognitus.com/tag/sap-events/,2024-07-04T12:12:08+00:00,96a57a5b301dbbb7c1c2b3bac89dc5c3,2024-07-05T22:00:01+00:00
https://cognitus.com/tag/sapphire-2024/,2024-07-04T12:12:08+00:00,769fed54dc237d9dde2df0173bf471bd,2024-07-05T22:00:01+00:00
https://cognitus.com/tag/digital-transformation/,2024-07-04T12:12:08+00:00,7b015dd28def8bf554b174dcb2e32e36,2024-07-05T22:00:01+00:00
https://cognitus.com/tag/ai/,2024-07-04T12:12:08+00:00,0716e374a0e092691d25961e5e6c9d15,2024-07-05T22:00:01+00:00
https://cognitus.com/tag/industry-trends/,2024-07-04T12:12:08+00:00,2d77b131ec2a89c8b738d3c45d7dae59,2024-07-05T22:00:01+00:00
https://cognitus.com/tag/itar/,2024-07-04T12:12:08+00:00,9e0d78cc306c4fce88e00992fa4434c2,2024-07-05T22:00:01+00:00
https://cognitus.com/tag/dcaa/,2024-07-04T12:12:08+00:00,104cd532d10ad25d062e8826cf337f91,2024-07-05T22:00:01+00:00
https://cognitus.com/tag/dcma/,2024-07-04T12:12:08+00:00,546349ebef9c5692f88f3bc3e54f862f,2024-07-05T22:00:01+00:00
https://cognitus.com/tag/far/,2024-07-04T12:12:08+00:00,c814e414562a59b6f6b54bf38a854a93,2024-07-05T22:00:01+00:00
https://cognitus.com/tag/dfars/,2024-07-04T12:12:08+00:00,937fda5a7b5b4c3dfb8c420102bd32c6,2024-07-05T22:00:01+00:00
https://cognitus.com/tag/government-compliance/,2024-07-04T12:12:08+00:00,15fb87b94f7ab55c1465224b25d77e17,2024-07-05T22:00:01+00:00
https://cognitus.com/tag/data/,2024-07-04T12:12:08+00:00,94f741f90cfa83fb3d814c8209e34267,2024-07-05T22:00:01+00:00
https://cognitus.com/tag/storytelling/,2024-07-04T12:12:08+00:00,557f3a911fe635f77854d298d3c74db6,2024-07-05T22:00:01+00:00
https://cognitus.com/tag/sap-data/,2024-07-04T12:12:08+00:00,9323d62536846fe9ab0efdffa0638e68,2024-07-05T22:00:01+00:00
https://cognitus.com/tag/data-visualization/,2024-07-04T12:12:08+00:00,5023d466bc2db86d4c9a3f0be5255c28,2024-07-05T22:00:01+00:00
https://cognitus.com/tag/insights/,2024-07-04T12:12:08+00:00,935d72d915d1929cb695829a7838a82b,2024-07-05T22:00:01+00:00
https://cognitus.com/tag/analytics/,2024-07-04T12:12:08+00:00,e99624f8d7abf9721e61790be0c7f440,2024-07-05T22:00:01+00:00
https://cognitus.com/tag/sap-datasphere/,2024-07-04T12:12:08+00:00,d22b93612521e75bc412b49f36c54e03,2024-07-05T22:00:01+00:00
https://cognitus.com/tag/key-user-extensibility/,2024-07-04T12:12:08+00:00,2769befa757fdc35c14e503df3e12627,2024-07-05T22:00:01+00:00
https://cognitus.com/tag/key-user-extensions/,2024-07-04T12:12:08+00:00,5adf64a22f3051bb893e63fe773f849f,2024-07-05T22:00:01+00:00
https://cognitus.com/tag/s4hana-cloud/,2024-07-04T12:12:08+00:00,709f614b617f6b89b32d280f0372d523,2024-07-05T22:00:01+00:00
https://cognitus.com/tag/sap-s-4hana/,2024-07-04T12:12:08+00:00,c3be94d055fd8ba3dd522203ed2016a7,2024-07-05T22:00:01+00:00
https://cognitus.com/tag/sap-extend-and-innovate/,2024-07-04T12:12:08+00:00,07c506e21d38185fd40d99f0389545af,2024-07-05T22:00:01+00:00
https://cognitus.com/tag/s-4hana-extensions/,2024-07-04T12:12:08+00:00,604fe9ba2d948408da7943032390b900,2024-07-05T22:00:01+00:00
https://cognitus.com/tag/sap-s-4hana-public-cloud/,2024-07-04T12:12:08+00:00,699493815bdacdbcb6dce7bfecf59422,2024-07-05T22:00:01+00:00
https://cognitus.com/tag/aftermarket/,2024-07-04T12:12:08+00:00,db79e8561c43f37c1feb819321aa47b3,2024-07-05T22:00:01+00:00
https://cognitus.com/tag/aftermarket-industry/,2024-07-04T12:12:08+00:00,ad9a1217ea6242feb4002bc83a9251b4,2024-07-05T22:00:01+00:00
https://cognitus.com/tag/aftermarket-services/,2024-07-04T12:12:08+00:00,bb354f2f2684e45d265ae0c573f9c383,2024-07-05T22:00:01+00:00
https://cognitus.com/tag/asset-maintenance/,2024-07-04T12:12:08+00:00,bc4fe24d2663c6b5c66f17442745cfcd,2024-07-05T22:00:01+00:00
https://cognitus.com/tag/asset-lifecycle/,2024-07-04T12:12:08+00:00,6194acac24a885860e1fed4e51cb593e,2024-07-05T22:00:01+00:00
https://cognitus.com/tag/asset-visibility/,2024-07-04T12:12:08+00:00,ed1a2ca9bd2580ad74fcbd2acb736c26,2024-07-05T22:00:01+00:00